1,KEDAH,PPD BALING/SIK,Jenis Kebangsaan (C),KBC0040,SJK(C) CHIN HWA,PEKAN KUALA PEGANG,BALING,09110,044765377,TIADA
2,KEDAH,PPD BALING/SIK,Jenis Kebangsaan (C),KBC0041,SJK(C) KONG MIN,"TAWAR,",KUALA KETIL,09310,044765494,044765494
3,KEDAH,PPD BALING/SIK,Jenis Kebangsaan (C),KBC0042,SJK(C) KAMPUNG LALANG,KAMPONG LALANG,BALING,09100,044731682,044731682
4,KEDAH,PPD BALING/SIK,Jenis Kebangsaan (C),KBC0043,SJK(C) KUALA KETIL,JALAN BALING,KUALA KETIL,09300,044163351,044163351
5,KEDAH,PPD BALING/SIK,Jenis Kebangsaan (C),KBC0044,SJK(C) PENG MIN,KAMPUNG BARU KEJAI,KUALA KETIL,09300,0124819089,TIADA
6,KEDAH,PPD BALING/SIK,Jenis Kebangsaan (C),KBC0045,SJK(C) SENG YOK,JALAN RAYA,KUPANG,09200,044765217,044765217
7,KEDAH,PPD BALING/SIK,Jenis Kebangsaan (C),KBC0046,SJK(C) YEOK CHEE,"109, JALAN MAHMUD,",BALING,09100,044701277,044701277
8,KEDAH,PPD BALING/SIK,Jenis Kebangsaan (C),KBC0047,SJK(C) POI CHEE,"LADANG PELAM, MALAU",KULIM,09009,0124563244,044480817
9,KEDAH,PPD BALING/SIK,Jenis Kebangsaan (C),KBC8019,SJK(C) CHUNG HWA,PEKAN SIK,SIK,08200,044693657,044693657
10,KEDAH,PPD BALING/SIK,Jenis Kebangsaan (T),KBD0048,SJK(T) LDG BADENOCH,LADANG BADENOCH,KUALA KETIL,09300,0195955419,TIADA
11,KEDAH,PPD BALING/SIK,Jenis Kebangsaan (T),KBD0050,SJK(T) BINJOL,"BATU 7 BINJOL,",KUALA KETIL,09300,044164106,044164106
12,KEDAH,PPD BALING/SIK,Jenis Kebangsaan (T),KBD0052,SJK(T) LDG BUKIT SEMBILAN,LADANG BUKIT SEMBILAN,KUALA KETIL,09300,0194788183,TIADA
13,KEDAH,PPD BALING/SIK,Jenis Kebangsaan (T),KBD0053,SJK(T) LDG KATUMBA,LADANG KATUMBA,KUALA KETIL,09300,0194363282,TIADA
14,KEDAH,PPD BALING/SIK,Jenis Kebangsaan (T),KBD0054,SJK(T) LDG KUALA KETIL,LADANG KUALA KETIL,KUALA KETIL,09300,0195228756,TIADA
15,KEDAH,PPD BALING/SIK,Jenis Kebangsaan (T),KBD0055,SJK(T) LDG BATU PEKAKA,Batu Pekaka,KUALA KETIL,09300,0164881350,TIADA
16,KEDAH,PPD BALING/SIK,Jenis Kebangsaan (T),KBD0056,SJK(T) LDG KIM SENG,LADANG KIM SENG,KUALA  KETIL,09300,0195266815,TIADA
17,KEDAH,PPD BALING/SIK,Jenis Kebangsaan (T),KBD0057,SJK(T) LADANG MALAKOFF,"LADANG STOTHARD,",KUALA KETIL,09300,0195587581,TIADA
18,KEDAH,PPD BALING/SIK,Jenis Kebangsaan (T),KBD0058,SJK(T) LDG KUPANG,LADANG KUPANG,KUPANG,09200,0134339943,TIADA
19,KEDAH,PPD BALING/SIK,Jenis Kebangsaan (T),KBD0059,SJK(T) LDG PELAM,"LADANG PELAM,",KULIM,09009,0124373565,TIADA
20,KEDAH,PPD BALING/SIK,Kebangsaan,KBA0001,SK MOHD ARIFF ABDULLAH,KG GUAR CEMPEDAK,KUALA KETIL,09300,044430354,044430358
21,KEDAH,PPD BALING/SIK,Kebangsaan,KBA0002,SK TELOI KANAN,FELDA TELOI KANAN,KUALA KETIL,09300,044192862,044192862
22,KEDAH,PPD BALING/SIK,Kebangsaan,KBA0003,SK TEMBAK,"JALAN PARIT PANJANG,",KUALA KETIL,09300,044161019,044161488
23,KEDAH,PPD BALING/SIK,Kebangsaan,KBA0004,SK BADANG,KG BADANG,KARANGAN,09700,0194547950,TIADA
24,KEDAH,PPD BALING/SIK,Kebangsaan,KBA0005,SK ASAM JAWA/CAROK KELIAN,JALAN ASAM JAWA-PARIT PANJANG.,BALING,09100,044721215,TIADA
25,KEDAH,PPD BALING/SIK,Kebangsaan,KBA0006,SK SERI INAS,KG BAKAI,KUALA KETIL,09300,044725675,044725675
26,KEDAH,PPD BALING/SIK,Kebangsaan,KBA0007,SK PENGHULU ABU BAKAR,"KM. 5, JALAN WENG",BALING,09100,044702099,044704518
27,KEDAH,PPD BALING/SIK,Kebangsaan,KBA0008,SK BALING,JALAN MAHMUD,BALING,09100,044702284,044702914
28,KEDAH,PPD BALING/SIK,Kebangsaan,KBA0009,SK DALAM WANG,"JALAN KG. PADANG CHE MAS, DALAM WANG",BALING,09100,0194732123,TIADA
29,KEDAH,PPD BALING/SIK,Kebangsaan,KBA0010,SK TUNKU PUAN HABSAH,BT 7 JALAN KROH,BALING,09100,044704473,044704473
30,KEDAH,PPD BALING/SIK,Kebangsaan,KBA0011,SK IBOI,IBOI,KUPANG,09200,044721078,044720317
31,KEDAH,PPD BALING/SIK,Kebangsaan,KBA0012,SK SYED SHEH,KG JERAI,KUPANG,09200,044721080,044721081
32,KEDAH,PPD BALING/SIK,Kebangsaan,KBA0013,SK KAMPUNG SADEK,KAMPONG SADEK,KUPANG,09200,044765284,044765284
33,KEDAH,PPD BALING/SIK,Kebangsaan,KBA0014,SK KAMPUNG PADANG,"JALAN ASAM JAWA, KUALA PEGANG",BALING,09110,0194339766,TIADA
34,KEDAH,PPD BALING/SIK,Kebangsaan,KBA0015,SK KAMPUNG SERA,KAMPONG SERA,BALING,09100,044721687,044721687
35,KEDAH,PPD BALING/SIK,Kebangsaan,KBA0016,SK KUALA KUPANG,PEKAN KUPANG,KUPANG,09200,044766755,044769755
36,KEDAH,PPD BALING/SIK,Kebangsaan,KBA0017,SK KUALA PEGANG,SK KUALA PEGANG,BALING,09110,044764888,044764887
37,KEDAH,PPD BALING/SIK,Kebangsaan,KBA0018,SK KUALA KUANG,KUALA KUANG,KUPANG,09200,044727825,TIADA
38,KEDAH,PPD BALING/SIK,Kebangsaan,KBA0019,SK KUALA MERAH,KAMPUNG KUALA MERAH,KUALA KETIL,09300,044163598,044163598
39,KEDAH,PPD BALING/SIK,Kebangsaan,KBA0020,SK KUALA SAMAK,KAMPUNG KUALA SAMAK,KUALA KETIL,09300,044430719,TIADA
40,KEDAH,PPD BALING/SIK,Kebangsaan,KBA0021,SK LANAI,PARIT PANJANG,KUPANG,09200,044761325,044761325
41,KEDAH,PPD BALING/SIK,Kebangsaan,KBA0022,SK PULAI,"PULAI,",BALING,09100,044706301,044706301
42,KEDAH,PPD BALING/SIK,Kebangsaan,KBA0023,SK SIONG,"KAMPONG LALANG, JALAN WENG",BALING,09100,044721258,044732641
43,KEDAH,PPD BALING/SIK,Kebangsaan,KBA0024,SK TANJUNG PARI,KG. TANJUNG PARI,BALING,09100,044722503,044722503
44,KEDAH,PPD BALING/SIK,Kebangsaan,KBA0025,SK TAWAR,JALAN BALING,KUALA KETIL,09310,044765021,044765021
45,KEDAH,PPD BALING/SIK,Kebangsaan,KBA0026,SK TIAK,KAMPUNG TIAK,KUPANG,09200,044765067,044765067
46,KEDAH,PPD BALING/SIK,Kebangsaan,KBA0027,SK TITI GANTONG,JALAN SUNGAI LIMAU,BALING,09100,044708216,044708216
47,KEDAH,PPD BALING/SIK,Kebangsaan,KBA0028,SK RAMBONG PULAI,KG RAMBONG PULAI,KUPANG,09200,044727598,044720026
48,KEDAH,PPD BALING/SIK,Kebangsaan,KBA0029,SK SERI BAYU,"SK SERI BAYU, WENG",BALING,09100,044721131,044721131
49,KEDAH,PPD BALING/SIK,Kebangsaan,KBA0030,SK KUALA KETIL,KUALA KETIL,KUALA KETIL,09300,044163050,044164125
50,KEDAH,PPD BALING/SIK,Kebangsaan,KBA0031,SK SERI JEMERLI,LADANG KUALA KETIL,KUALA KETIL,09300,044430878,TIADA
51,KEDAH,PPD BALING/SIK,Kebangsaan,KBA0032,SK KAMPUNG SELARONG,"KAMPUNG SELARONG, MALAU",KULIM,09010,044720867,044720072
52,KEDAH,PPD BALING/SIK,Kebangsaan,KBA0062,SK TELOK TEDURI,"JALAN KAMPONG TELOK TEDURI,",BALING,09100,044725991,TIADA
53,KEDAH,PPD BALING/SIK,Kebangsaan,KBA0063,SK MALAU,SK MALAU,KULIM,09020,044722863,TIADA
54,KEDAH,PPD BALING/SIK,Kebangsaan,KBA0065,SK PAYA BESAR,KAMPUNG PAYA BESAR,KUALA KETIL,09300,044430437,TIADA
55,KEDAH,PPD BALING/SIK,Kebangsaan,KBA0066,SK BINJUL,BATU 7 BINJUL,KUALA KETIL,09310,044160128,044160128
56,KEDAH,PPD BALING/SIK,Kebangsaan,KBA0067,SK KAMPUNG BANDAR,"MUKIM SIONG,",BALING,09100,044721096,TIADA
57,KEDAH,PPD BALING/SIK,Kebangsaan,KBA0068,SK ULU TAWAR,KAMPUNG ULU TAWAR,KARANGAN,09700,0194428470,TIADA
58,KEDAH,PPD BALING/SIK,Kebangsaan,KBA0069,SK ULU BAKAI,MALAU,KULIM,09020,0194816675,TIADA
59,KEDAH,PPD BALING/SIK,Kebangsaan,KBA0070,SK SEBERANG KETIL,KAMPUNG SEBERANG KETIL,KUPANG,09200,044430472,TIADA
60,KEDAH,PPD BALING/SIK,Kebangsaan,KBA0071,SK BINJUL DALAM,KAMPUNG BINJUL DALAM,KUALA KETIL,09310,044430423,044430423
61,KEDAH,PPD BALING/SIK,Kebangsaan,KBA0072,SK TELOI TIMUR,FELDA TELOI TIMUR,KUALA KETIL,09300,044192987,044192987
62,KEDAH,PPD BALING/SIK,Kebangsaan,KBA0073,SK KAMPONG KEDA,"JALAN KEMAJUAN, PEKAN BARU KEDA",KUPANG,09200,044768786,044768786
63,KEDAH,PPD BALING/SIK,Kebangsaan,KBA8001,SK BATU LIMA,BATU LIMA,SIK,08200,044620372,044620372
64,KEDAH,PPD BALING/SIK,Kebangsaan,KBA8002,SK CHEPIR,KAMPUNG CHEPIR,SIK,08200,044620662,TIADA
65,KEDAH,PPD BALING/SIK,Kebangsaan,KBA8003,SK GULAU,WAKIL POS GULAU,SIK,08210,0195000935,TIADA
66,KEDAH,PPD BALING/SIK,Kebangsaan,KBA8004,SK HUJONG BANDAR,KG. HUJONG BANDAR,SIK,08200,044620318,044622529
67,KEDAH,PPD BALING/SIK,Kebangsaan,KBA8005,SK JENERI,KAMPUNG JENERI,JENIANG,08700,044627354,044627355
68,KEDAH,PPD BALING/SIK,Kebangsaan,KBA8006,SK KG BETONG,JALAN JENERI,JENIANG,08700,044647136,044647136
69,KEDAH,PPD BALING/SIK,Kebangsaan,KBA8007,SK HJ HUSSAIN,"KG TUPAI, MUKIM TELOI",SIK,08200,044620041,TIADA
70,KEDAH,PPD BALING/SIK,Kebangsaan,KBA8008,SK KG KOTA BUKIT,JENERI,JENIANG,08700,044620307,TIADA
71,KEDAH,PPD BALING/SIK,Kebangsaan,KBA8009,SK SERI AMPANG MUDA,KAMPUNG BELANTIK,SIK,08210,047520240,047520240
72,KEDAH,PPD BALING/SIK,Kebangsaan,KBA8010,SK CHEMARA,KG  CHEMARA,JENIANG,08700,044647176,044647176
73,KEDAH,PPD BALING/SIK,Kebangsaan,KBA8011,SK KALAI,KAMPUNG KALAI,JENIANG,08700,044620564,TIADA
74,KEDAH,PPD BALING/SIK,Kebangsaan,KBA8012,SK PAYA TERENDAM,JALAN GULAU,SIK,08200,044694053,044694053
75,KEDAH,PPD BALING/SIK,Kebangsaan,KBA8013,SK PADANG CHICHAK,"JENERI, JENIANG",GURUN,08700,044626689,044626689
76,KEDAH,PPD BALING/SIK,Kebangsaan,KBA8014,SK SIK,PEKAN SIK,SIK,08200,044695434,044695434
77,KEDAH,PPD BALING/SIK,Kebangsaan,KBA8015,SK BANDAR BARU BERIS JAYA,"BANDAR BARU BERIS JAYA,",JENIANG,08700,044697001,044697002
78,KEDAH,PPD BALING/SIK,Kebangsaan,KBA8016,SK TELOI TUA,BATU LIMA,SIK,08200,044620264,044620014
79,KEDAH,PPD BALING/SIK,Kebangsaan,KBA8017,SK DANGLAU,KG KUBANG KESOM,SIK,08210,047510019,047510019
80,KEDAH,PPD BALING/SIK,Kebangsaan,KBA8018,SK SIK DALAM,"SIK DALAM,",SIK,08200,044622823,TIADA
81,KEDAH,PPD BALING/SIK,Kebangsaan,KBA8019,SK KOTA AUR,KOTA AUR,SIK,08210,047520409,047520409
82,KEDAH,PPD BALING/SIK,Kebangsaan,KBA8020,SK Batu 8,Kg Charok Sejuk,Sik,08200,044620015,044620032
83,KEDAH,PPD BALING/SIK,Kebangsaan,KBB0033,SK BATU PEKAKA,"JALAN MERBAU PULAS,",KUALA KETIL,09300,044430535,044430553
84,KEDAH,PPD BALING/SIK,Kebangsaan,KBB0034,SK TUNKU PUTERA,JALAN PEGAWAI,BALING,09100,044701240,044701240
85,KEDAH,PPD BALING/SIK,Kebangsaan,KBE8017,SK SERI DUSUN,JALAN MELATI,SIK,08200,044620314,044620314
86,KEDAH,PPD KOTA SETAR,Jenis Kebangsaan (C),KBC2109,SJK(C) BOON HWA,ALOR JANGGUS,ALOR SETAR,06250,047343493,047343493
87,KEDAH,PPD KOTA SETAR,Jenis Kebangsaan (C),KBC2112,SJK(C) CHENG YU,"KUAR JAWA, ALOR JANGGUS",ALOR STAR,06250,047947570,047947570
88,KEDAH,PPD KOTA SETAR,Jenis Kebangsaan (C),KBC2113,SJK(C) EIK CHOON,"KM10, SIMPANG EMPAT",ALOR STAR,06650,047642905,047642905
89,KEDAH,PPD KOTA SETAR,Jenis Kebangsaan (C),KBC2115,SJK(C) KEAT HWA (K),JALAN KEAT HWA OFF JALAN PEREMBA,ALOR STAR,05150,047719758,047719742
90,KEDAH,PPD KOTA SETAR,Jenis Kebangsaan (C),KBC2116,SJK(C) KEAT HWA (H),JALAN KAMPONG PERAK,ALOR STAR,05100,047330012,047314064
91,KEDAH,PPD KOTA SETAR,Jenis Kebangsaan (C),KBC2117,SJK(C) KEAT HWA (S),"KG BARU, JALAN ISTANA LAMA,",ALOR STAR,05000,047323025,047323025
92,KEDAH,PPD KOTA SETAR,Jenis Kebangsaan (C),KBC2118,SJK(C) KEE CHEE,JALAN LANGGAR,ALOR STAR,05460,047333602,047333553
93,KEDAH,PPD KOTA SETAR,Jenis Kebangsaan (C),KBC2119,SJK(C) LONG SEONG,KUBANG ROTAN,ALOR STAR,06250,047410595,047412407
94,KEDAH,PPD KOTA SETAR,Jenis Kebangsaan (C),KBC2121,SJK(C) LONG CHUAN,"MERGONG,",ALOR STAR,05150,047310140,047310140
95,KEDAH,PPD KOTA SETAR,Jenis Kebangsaan (C),KBC2122,SJK(C) MIN SIN,KOTA SARANG SEMUT,ALOR SETAR,06800,047694377,047694377
96,KEDAH,PPD KOTA SETAR,Jenis Kebangsaan (C),KBC2123,SJK(C) NAN KWANG,TAJAR,ALOR STAR,06500,047342377,047342377
97,KEDAH,PPD KOTA SETAR,Jenis Kebangsaan (C),KBC2124,SJK(C) PUMPONG,JALAN SUKA MENANTI,ALOR STAR,05150,047311924,047311924
98,KEDAH,PPD KOTA SETAR,Jenis Kebangsaan (C),KBC2125,SJK(C) PENG MIN,SIMPANG KUALA,ALOR STAR,05400,047772526,047722814
99,KEDAH,PPD KOTA SETAR,Jenis Kebangsaan (C),KBC2126,SJK(C) PEI HWA,"KM5, JALAN KUALA KEDAH",ALOR SETAR,05400,047715528,047715528
100,KEDAH,PPD KOTA SETAR,Jenis Kebangsaan (C),KBC2127,SJK(C) PEI SHIH,KUALA KEDAH,ALOR STAR,06600,047621232,047626897
101,KEDAH,PPD KOTA SETAR,Jenis Kebangsaan (C),KBC2128,SJK(C) SOON JIAN,ANAK BUKIT,ALOR STAR,06550,047349968,047349968
102,KEDAH,PPD KOTA SETAR,Jenis Kebangsaan (C),KBC2129,SJK(C) SOON CHENG,BUKIT PINANG,ALOR STAR,06200,047145225,047145225
103,KEDAH,PPD KOTA SETAR,Jenis Kebangsaan (C),KBC2130,SJK(C) SIN MIN,"LEBUHRAYA SULTAN ABDUL HALIM,",ALOR STAR,05400,047722026,047722026
104,KEDAH,PPD KOTA SETAR,Jenis Kebangsaan (C),KBC2132,SJK(C) TAI CHONG,PEKAN LANGGAR,ALOR STAR,06500,047879001,047879001
105,KEDAH,PPD KOTA SETAR,Jenis Kebangsaan (C),KBC2133,SJK(C) YIH MIN,"SIMPANG EMPAT,",ALOR STAR,06650,047641341,047641341
106,KEDAH,PPD KOTA SETAR,Jenis Kebangsaan (C),KBC2135,SJK(C) YIH CHOON,GUNUNG KERIANG,ALOR STAR,06570,047344676,047344676
107,KEDAH,PPD KOTA SETAR,Jenis Kebangsaan (C),KBCB001,SJK(C) CHUNG HWA,"KEBUN 500, JABI",POKOK SENA,06400,047878713,047878713
108,KEDAH,PPD KOTA SETAR,Jenis Kebangsaan (C),KBCB002,SJK(C) TONG YUH,POKOK SENA,POKOK SENA,06400,047821261,047821261
109,KEDAH,PPD KOTA SETAR,Jenis Kebangsaan (T),KBD2137,SJK(T) BARATHY,"KOMPLEKS PENDIDIKAN, JALAN STADIUM,",ALOR STAR,05100,047338244,047338244
110,KEDAH,PPD KOTA SETAR,Jenis Kebangsaan (T),KBD2138,SJK(T) THIRUVALLUVAR,TAMAN AMAN,ALOR STAR,06550,047349805,047349805
111,KEDAH,PPD KOTA SETAR,Jenis Kebangsaan (T),KBDB001,SJK(T) LADANG JABI,"LADANG JABI, POKOK SENA",ALOR SETAR,06400,047824892,047824892
112,KEDAH,PPD KOTA SETAR,Kebangsaan,KBA2007,SK ALOR JANGGUS,ALOR JANGGUS,ALOR SETAR,06250,047311500,04-7328197
113,KEDAH,PPD KOTA SETAR,Kebangsaan,KBA2008,SK SERI AMAR DIRAJA,ALOR MERAH,ALOR STAR,05250,047313354,047319941
114,KEDAH,PPD KOTA SETAR,Kebangsaan,KBA2010,SK GUNONG,"KM8, JALAN GUNONG",ALOR SETAR,05150,047306530,047306532
115,KEDAH,PPD KOTA SETAR,Kebangsaan,KBA2011,SK KOTA RENTANG,"KOTA RENTANG,",JITRA,06000,047322681,047322681
116,KEDAH,PPD KOTA SETAR,Kebangsaan,KBA2012,SK WAN SULAIMAN SIDIQ,JALAN TAMBANG BADAK,ALOR STAR,05100,047330887,047330887
117,KEDAH,PPD KOTA SETAR,Kebangsaan,KBA2013,SK HJ ABDULLAH SADUN,ALOR JANGGUS,ALOR  STAR,06250,047946790,047946790
118,KEDAH,PPD KOTA SETAR,Kebangsaan,KBA2014,SK DATO' SHAARI,KUBANG ROTAN,ALOR STAR,06250,047320792,047349397
119,KEDAH,PPD KOTA SETAR,Kebangsaan,KBA2015,SK LENGKUAS,KEPALA BATAS,ALOR SETAR,06200,047146714,047146714
120,KEDAH,PPD KOTA SETAR,Kebangsaan,KBA2016,SK MERGONG,"JALAN PUTRA,",ALOR SETAR,05100,047337550,047337550
121,KEDAH,PPD KOTA SETAR,Kebangsaan,KBA2017,SK PERMATANG GUNUNG,"ALOR JANGGUS,",ALOR STAR,06250,047322506,047322506
122,KEDAH,PPD KOTA SETAR,Kebangsaan,KBA2018,SK SIMPANG TIGA,SIMPANG TIGA PADANG HANG,ALOR STAR,06570,047312491,047312491
123,KEDAH,PPD KOTA SETAR,Kebangsaan,KBA2019,SK SUKA MENANTI,JALAN SUKA MENANTI,ALOR SETAR,05150,047325280,047325280
124,KEDAH,PPD KOTA SETAR,Kebangsaan,KBA2020,SK SUNGAI BARU,KAMPUNG SUNGAI BARU TENGAH.,ALOR  SETAR,05150,047341620,047341620
125,KEDAH,PPD KOTA SETAR,Kebangsaan,KBA2021,SK TITI GAJAH,TITI GAJAH,ALOR SETAR,06550,047144135,047141679
126,KEDAH,PPD KOTA SETAR,Kebangsaan,KBA2022,SK KUBANG TEDUH,"GUNUNG KERIANG,",ALOR STAR,06570,047317682,047317682
127,KEDAH,PPD KOTA SETAR,Kebangsaan,KBA2023,SK ALOR MELINTANG,JALAN DATUK KUMBAR,ALOR SETAR,06500,047413134,047410215
128,KEDAH,PPD KOTA SETAR,Kebangsaan,KBA2024,SK ALOR MENGKUDU,JLN. ALOR MENGKUDU,ALOR SETAR,05400,047315497,047300403
129,KEDAH,PPD KOTA SETAR,Kebangsaan,KBA2025,SK TUNKU RAUDZAH,"JALAN LANGGAR,",ALOR STAR,05460,047321096,047321096
130,KEDAH,PPD KOTA SETAR,Kebangsaan,KBA2026,SK HUTAN KAMPONG,JALAN HUTAN KAMPONG,ALOR STAR,05350,047145275,047142369
131,KEDAH,PPD KOTA SETAR,Kebangsaan,KBA2028,SK KAMPONG GELAM,JALAN DATUK KUMBAR,ALOR STAR,05300,047323750,047323750
132,KEDAH,PPD KOTA SETAR,Kebangsaan,KBA2029,SK GERIGIS,JALAN DATUK KUMBAR,ALOR STAR,05300,047345290,047345290
133,KEDAH,PPD KOTA SETAR,Kebangsaan,KBA2030,SK SRI TAMAN,KUALA ALOR,ALOR STAR,05400,047347381,047347381
134,KEDAH,PPD KOTA SETAR,Kebangsaan,KBA2031,SK KUALA KEDAH,"SEBERANG KOTA, KUALA KEDAH",ALOR SETAR,06600,047627088,047627088
135,KEDAH,PPD KOTA SETAR,Kebangsaan,KBA2032,SK LANGGAR,"JALAN LANGGAR,",ALOR SETAR,06500,047876930,047877421
136,KEDAH,PPD KOTA SETAR,Kebangsaan,KBA2033,SK HAJI ABU BAKAR,MUKIM LEPAI,ALOR STAR,05350,047142830,047142830
137,KEDAH,PPD KOTA SETAR,Kebangsaan,KBA2036,SK SEBERANG PERAK BARU,JALAN BUNGA RAYA,ALOR STAR,05050,047721446,047721446
138,KEDAH,PPD KOTA SETAR,Kebangsaan,KBA2037,SK SEBERANG PERAK,JALAN SEBERANG PERAK,ALOR SETAR,05050,047721185,047721185
139,KEDAH,PPD KOTA SETAR,Kebangsaan,KBA2038,SK HAJI ISMAIL,KUALA KEDAH,ALOR STAR,06600,047621101,047621101
140,KEDAH,PPD KOTA SETAR,Kebangsaan,KBA2039,SK JALAN PEGAWAI,PERSIARAN SULTAN ABDUL HAMID,ALOR STAR,05050,047710312,047710312
141,KEDAH,PPD KOTA SETAR,Kebangsaan,KBA2040,SK SG KOROK LAMA,PERSIARAN SULTAN ABDUL HAMID,ALOR STAR,05050,047774122,047774121
142,KEDAH,PPD KOTA SETAR,Kebangsaan,KBA2041,SK HJ IDRIS TAJAR,LANGGAR,ALOR STAR,06500,047313071,047300216
143,KEDAH,PPD KOTA SETAR,Kebangsaan,KBA2042,SK DATO' WAN MOHD SAMAN,"BATU 3 TANDOP,",ALOR SETAR,05400,047713671,047724937
144,KEDAH,PPD KOTA SETAR,Kebangsaan,KBA2045,SK TELOK KECHAI,JALAN KUALA KEDAH,ALOR STAR,06600,047772299,047772297
145,KEDAH,PPD KOTA SETAR,Kebangsaan,KBA2049,SK BULUH LIMA,KOTA SARANG SEMUT,ALOR STAR,06800,047693231,047693231
146,KEDAH,PPD KOTA SETAR,Kebangsaan,KBA2055,SK KANGKONG,SIMPANG EMPAT,ALOR STAR,06650,047641751,047641751
147,KEDAH,PPD KOTA SETAR,Kebangsaan,KBA2058,SK LAHAR BUDI,SK LAHAR BUDI,ALOR SETAR,05400,047412372,047413595
148,KEDAH,PPD KOTA SETAR,Kebangsaan,KBA2061,SK HJ HASSAN ITAM,SIMPANG EMPAT,ALOR SETAR,06650,047642079,047642079
149,KEDAH,PPD KOTA SETAR,Kebangsaan,KBA2064,SK TEBENGAU,"KM 13 , JALAN YAN",KUALA KEDAH,06600,047622254,047622254
150,KEDAH,PPD KOTA SETAR,Kebangsaan,KBA2065,SK HAJI WAHAB,"KAMPUNG TOK KELING,",ALOR STAR,05400,047415395,047415396
151,KEDAH,PPD KOTA SETAR,Kebangsaan,KBA2066,SK DARUL HIKMAH,"KM14, JALAN JELAI/JALAN DATUK KUMBAR",ALOR STAR,06500,047342237,047342237
152,KEDAH,PPD KOTA SETAR,Kebangsaan,KBA2073,SK KAMPONG JAWA,KOTA SARANG SEMUT,ALOR STAR,06800,047695090,047695090
153,KEDAH,PPD KOTA SETAR,Kebangsaan,KBA2074,SK SRI MAHAWANGSA,KUALA SALA,"KOTA SARANG SEMUT",06800,047694792,047694792
154,KEDAH,PPD KOTA SETAR,Kebangsaan,KBA2084,SK BUKIT PINANG,JALAN PADANG TEMBAK,KEPALA BATAS,06200,047141890,047144942
155,KEDAH,PPD KOTA SETAR,Kebangsaan,KBA2085,SK TAMAN UDA,L EBUHRAYA SULTANAH BAHIYAH,ALOR STAR,05350,047309269,047327358
156,KEDAH,PPD KOTA SETAR,Kebangsaan,KBA2087,SK PENDIDIKAN KHAS ALOR SETAR,KUALA ALOR,ALOR SETAR,05400,047325168,047342148
157,KEDAH,PPD KOTA SETAR,Kebangsaan,KBA2088,SK TAMAN RAKYAT,LEBUHRAYA SULTANAH BAHIYAH,ALOR SETAR,05350,047336372,047353681
158,KEDAH,PPD KOTA SETAR,Kebangsaan,KBA2089,SK SERI PANTAI,KUALA KEDAH,ALOR SETAR,06600,047623017,047623017
159,KEDAH,PPD KOTA SETAR,Kebangsaan,KBA2090,SK SERI PERDANA,LEBUHRAYA SULTANAH BAHIYAH,ALOR SETAR,05350,047348440,047349522
160,KEDAH,PPD KOTA SETAR,Kebangsaan,KBA2091,SK PEREMBA,JALAN KILANG TEBU,ALOR STAR,05050,047771500,047771501
161,KEDAH,PPD KOTA SETAR,Kebangsaan,KBA2092,SK JALAN DATUK KUMBAR,JALAN DATUK KUMBAR,ALOR SETAR,05300,047327578,047327578
162,KEDAH,PPD KOTA SETAR,Kebangsaan,KBA2093,SK KEBUN PINANG,TANDOP,ALOR STAR,05400,047644377,047644377
163,KEDAH,PPD KOTA SETAR,Kebangsaan,KBA2094,SK TAMAN AMAN,ANAK BUKIT,ALOR STAR,06550,047302075,047302075
164,KEDAH,PPD KOTA SETAR,Kebangsaan,KBA2095,SK TAMAN BERSATU,JALAN YAN,KUALA KEDAH,06600,047626607,047621757
165,KEDAH,PPD KOTA SETAR,Kebangsaan,KBA2096,SK SEBERANG NYONYA,"KM10, JALAN KUALA KEDAH",ALOR STAR,06600,047627995,047627966
166,KEDAH,PPD KOTA SETAR,Kebangsaan,KBA2098,SK TAMAN AWANA,JALAN LANGGAR,ALOR SETAR,05460,047876353,047876349
167,KEDAH,PPD KOTA SETAR,Kebangsaan,KBAB001,SK WAN ABDUL SAMAD,POKOK SENA,POKOK SENA,06400,047821311,047824211
168,KEDAH,PPD KOTA SETAR,Kebangsaan,KBAB002,SK KAMPONG BUKIT,"KM.31, JALAN NAKA,",ALOR STAR,06350,047851055,047851055
169,KEDAH,PPD KOTA SETAR,Kebangsaan,KBAB003,SK KUALA LANJUT,KUBOR PANJANG,ALOR STAR,06760,047846136,047847904
170,KEDAH,PPD KOTA SETAR,Kebangsaan,KBAB004,SK BUKIT TAMPOI,"JALAN KUALA NERANG,",KUALA NERANG,06300,047170024,047170025
171,KEDAH,PPD KOTA SETAR,Kebangsaan,KBAB005,SK JABI,POKOK SENA,POKOK SENA,06400,047821340,047821340
172,KEDAH,PPD KOTA SETAR,Kebangsaan,KBAB006,SK NAWA,POKOK SENA,POKOK SENA,06400,047823379,047824516
173,KEDAH,PPD KOTA SETAR,Kebangsaan,KBAB007,SK TELAGA MAS,"POKOK SENA,",POKOK SENA,06400,047170179,TIADA
174,KEDAH,PPD KOTA SETAR,Kebangsaan,KBAB008,SK TELUK JAMAT,"POKOK SENA,KOTA SETAR",ALOR SETAR,06400,047879061,047879061
175,KEDAH,PPD KOTA SETAR,Kebangsaan,KBAB009,SK TUALANG,POKOK SENA,POKOK SENA,06400,047876902,047876904
176,KEDAH,PPD KOTA SETAR,Kebangsaan,KBAB010,SK BUKIT PAYONG,JLN.KUBUR PANJANG,ALOR STAR,06400,047824324,047824324
177,KEDAH,PPD KOTA SETAR,Kebangsaan,KBAB011,SK BUKIT HIJAU,MUKIM DERANG,POKOK SENA,06400,047823462,047823462
178,KEDAH,PPD KOTA SETAR,Kebangsaan,KBAB012,SK KG PAYA,KUBOR PANJANG,ALOR STAR,06760,047419212,TIADA
179,KEDAH,PPD KOTA SETAR,Kebangsaan,KBAB013,SK KUBANG LERET,KUBOR PANJANG,ALOR STAR,06760,047849499,047849499
180,KEDAH,PPD KOTA SETAR,Kebangsaan,KBAB014,SK POKOK SENA,JALAN KUALA NERANG,POKOK SENA,06400,047823015,047823015
181,KEDAH,PPD KOTA SETAR,Kebangsaan,KBAB015,SK BUKIT PAK KIAU,MUKIM GAJAH MATI,POKOK SENA,06400,6047801181,6047801182
182,KEDAH,PPD KOTA SETAR,Kebangsaan,KBB2079,SK SRI GUNONG,"GUNONG KERIANG,",ALOR STAR,05150,047343844,047323845
183,KEDAH,PPD KOTA SETAR,Kebangsaan,KBB2080,SK BOHOR,"JALAN HUTAN KAMPONG,",ALOR SETAR,05350,047146448,047146448
184,KEDAH,PPD KOTA SETAR,Kebangsaan,KBB2081,SK ISKANDAR,JALAN LANGGAR,ALOR SETAR,05460,047332076,047349519
185,KEDAH,PPD KOTA SETAR,Kebangsaan,KBB2082,SK HJ MOHD SHARIFF,"KOMPLEKS PENDIDIKAN, JALAN STADIUM",ALOR STAR,05604,047307606,047307606
186,KEDAH,PPD KOTA SETAR,Kebangsaan,KBB2083,SK TUNKU ABDUL HALIM,"KOMPLEKS PENDIDIKAN, JALAN STADIUM",ALOR STAR,05100,047317750,047317750
187,KEDAH,PPD KOTA SETAR,Kebangsaan,KBB2084,SK ALOR SETAR,JALAN LANGGAR,ALOR SETAR,05460,047323121,047323121
188,KEDAH,PPD KOTA SETAR,Kebangsaan,KBB2085,SK SULTANAH ASMA,"KM4 , JALAN LANGGAR",ALOR STAR,05460,047333234,047330022
189,KEDAH,PPD KOTA SETAR,Kebangsaan,KBB2086,SK CONVENT,"JALAN DATUK KUMBAR,",ALOR STAR,05300,047313970,047302071
190,KEDAH,"PPD KUALA MUDA/YAN",Jenis Kebangsaan (C),KBC3058,SJK(C) CHING CHONG,SEMELING,BEDONG,08100,044581294,044581294
191,KEDAH,"PPD KUALA MUDA/YAN",Jenis Kebangsaan (C),KBC3059,SJK(C) CHOONG CHENG,"TANJUNG DAWAI,",BEDONG,08110,044574271,TIADA
192,KEDAH,"PPD KUALA MUDA/YAN",Jenis Kebangsaan (C),KBC3060,SJK(C) CHOONG HWA,TAMAN GURUN JAYA,GURUN,08300,044686266,044686266
193,KEDAH,"PPD KUALA MUDA/YAN",Jenis Kebangsaan (C),KBC3061,SJK(C) CHUNG HWA,"SUNGAILALANG,",BEDONG,08100,044582673,044582673
194,KEDAH,"PPD KUALA MUDA/YAN",Jenis Kebangsaan (C),KBC3062,SJK(C) FUH SUN,BUKIT SELAMBAU,SUNGAI PETANI,08010,044193746,044193746
195,KEDAH,"PPD KUALA MUDA/YAN",Jenis Kebangsaan (C),KBC3063,SJK(C) HOON BONG,KOTA KUALA MUDA,"KOTA KUALA MUDA",08500,044376011,044376011
196,KEDAH,"PPD KUALA MUDA/YAN",Jenis Kebangsaan (C),KBC3064,SJK(C) JENIANG,PEKAN JENIANG,GURUN,08700,044644300,044644300
197,KEDAH,"PPD KUALA MUDA/YAN",Jenis Kebangsaan (C),KBC3065,SJK(C) MIN TERK,"BT 2, JALAN KUALA KETIL,",SUNGAI PETANI,08000,044212652,044214272
198,KEDAH,"PPD KUALA MUDA/YAN",Jenis Kebangsaan (C),KBC3066,SJK(C) MAH WAH,"PADANG LEMBU,",GURUN,08330,044684250,044684250
199,KEDAH,"PPD KUALA MUDA/YAN",Jenis Kebangsaan (C),KBC3067,SJK(C) SIN KUO MIN,BEDONG,BEDONG,08100,044581062,044581062
200,KEDAH,"PPD KUALA MUDA/YAN",Jenis Kebangsaan (C),KBC3068,SJK(C) PENG MIN,TIKAM  BATU,TIKAM BATU,08600,044389810,044389810
201,KEDAH,"PPD KUALA MUDA/YAN",Jenis Kebangsaan (C),KBC3069,SJK(C) SIN KWANG,BAKAR ARANG,SUNGAI PETANI,08000,604-4212984,044219270
202,KEDAH,"PPD KUALA MUDA/YAN",Jenis Kebangsaan (C),KBC3070,SJK(C) SIN MIN 'A',JALAN PEGAWAI.,SUNGAI PETANI,08000,044212509,044255342
203,KEDAH,"PPD KUALA MUDA/YAN",Jenis Kebangsaan (C),KBC3071,SJK(C) SIN MIN 'B',JALAN PEGAWAI,SG.PETANI,08000,044215033,044215036
204,KEDAH,"PPD KUALA MUDA/YAN",Jenis Kebangsaan (C),KBC3072,SJK(C) SIN HWA,MERBOK,MERBOK,08400,044571427,044571427
205,KEDAH,"PPD KUALA MUDA/YAN",Jenis Kebangsaan (C),KBC3073,SJK(C) TAI TONG,TAMAN KEMPAS,SUNGAI PETANI,08000,044314151,044314151
206,KEDAH,"PPD KUALA MUDA/YAN",Jenis Kebangsaan (C),KBC3104,SJK(C) PEKAN LAMA,JALAN BAKAR SAMPAH,SUNGAI PETANI,08000,044212475,044230902
207,KEDAH,"PPD KUALA MUDA/YAN",Jenis Kebangsaan (C),KBC3105,SJK(C) LIN KHAY,BANDAR SERI ASTANA,SUNGAI PETANI,08000,044370201,044370201
208,KEDAH,"PPD KUALA MUDA/YAN",Jenis Kebangsaan (C),KBC9025,SJK(C) AIK MIN,"SIMPANG TIGA, SUNGAI LIMAU,",ALOR STAR,06680,047695045,047695045
209,KEDAH,"PPD KUALA MUDA/YAN",Jenis Kebangsaan (C),KBC9026,SJK(C) CHUNG HWA,SUNGAI YAN,YAN,06900,044657430,044657430
210,KEDAH,"PPD KUALA MUDA/YAN",Jenis Kebangsaan (C),KBC9027,SJK(C) PEI ENG,YAN,YAN,06900,4684508,4684508
211,KEDAH,"PPD KUALA MUDA/YAN",Jenis Kebangsaan (C),KBC9028,SJK(C) PEI HWA,"BT 17, JALAN GURUN,  GURUN",GURUN,08300,044684673,044684673
212,KEDAH,"PPD KUALA MUDA/YAN",Jenis Kebangsaan (C),KBC9029,SJK(C) YUK MIN,"SUNGAI LIMAU DALAM,",YAN,06910,047694670,047694670
213,KEDAH,"PPD KUALA MUDA/YAN",Jenis Kebangsaan (C),KBC9030,SJK(C) YANG KAO,GUAR CHEMPEDAK,"GUAR CHEMPEDAK",08800,044688293,044688293
214,KEDAH,"PPD KUALA MUDA/YAN",Jenis Kebangsaan (C),KBC9031,SJK(C) YORK KHOON,"JALAN PEGAWAI,",YAN,06900,044657487,044657487
215,KEDAH,"PPD KUALA MUDA/YAN",Jenis Kebangsaan (C),KBC9032,SJK(C) POAY CHAI,SINGKIR,MERBOK,08400,044574282,044574282
216,KEDAH,"PPD KUALA MUDA/YAN",Jenis Kebangsaan (T),KBD3074,SJK(T) BEDONG,JALAN SEMELING,BEDONG,08100,044580841,044580841
217,KEDAH,"PPD KUALA MUDA/YAN",Jenis Kebangsaan (T),KBD3075,SJK(T) HARVARD BHG I,LADANG HARVARD BAHAGIAN 1,BEDONG,08100,044592512,044592512
218,KEDAH,"PPD KUALA MUDA/YAN",Jenis Kebangsaan (T),KBD3076,SJK(T) HARVARD 2,LADANG HARVARD BAHAGIAN 2,BEDONG,08100,0125851412,TIADA
219,KEDAH,"PPD KUALA MUDA/YAN",Jenis Kebangsaan (T),KBD3077,SJK(T) LADANG HARVARD BHG 3,PETI SURAT NO.4,BEDONG,08100,044680559,044680559
220,KEDAH,"PPD KUALA MUDA/YAN",Jenis Kebangsaan (T),KBD3078,SJK(T) LDG SG BATU,LADANG SUNGAI BATU,BEDONG,08100,TIADA,TIADA
221,KEDAH,"PPD KUALA MUDA/YAN",Jenis Kebangsaan (T),KBD3079,SJK(T) LDG SUNGAI BONGKOK,"LADANG SUNGAI BONGKOK,PETI SURAT 22",BEDONG,08100,0194323578,TIADA
222,KEDAH,"PPD KUALA MUDA/YAN",Jenis Kebangsaan (T),KBD3080,SJK(T) LDG SUNGAI PUNTAR,LADANG SUNGAI PUNTAR,BEDONG,08100,0124974934,TIADA
223,KEDAH,"PPD KUALA MUDA/YAN",Jenis Kebangsaan (T),KBD3081,SJK(T) SUNGAI TOK PAWANG,SUNGAI TOK PAWANG,BEDONG,08100,044581581,044581581
224,KEDAH,"PPD KUALA MUDA/YAN",Jenis Kebangsaan (T),KBD3082,SJK(T) LDG TUPAH,LADANG TUPAH,BEDONG,08100,TIADA,TIADA
225,KEDAH,"PPD KUALA MUDA/YAN",Jenis Kebangsaan (T),KBD3083,SJK(T) LADANG SUNGKAP PARA,SUNGAI LALANG,SUNGAI PETANI,08000,0195165945,TIADA
226,KEDAH,"PPD KUALA MUDA/YAN",Jenis Kebangsaan (T),KBD3084,SJK(T) LADANG PERBADANAN,JALAN KELAB CINTA SAYANG,SUNGAI PETANI,08000,044421154,044421154
227,KEDAH,"PPD KUALA MUDA/YAN",Jenis Kebangsaan (T),KBD3085,SJK(T) TUN SAMBANTHAN,LADANG BUKIT LEMBU,SUNGAI PETANI,08000,044592060,044592060
228,KEDAH,"PPD KUALA MUDA/YAN",Jenis Kebangsaan (T),KBD3086,SJK(T) KALAIMAGAL,"KAMPUNG RENDANG, PADANG TEMUSU",SUNGAI PETANI,08000,044310910,044310910
229,KEDAH,"PPD KUALA MUDA/YAN",Jenis Kebangsaan (T),KBD3087,SJK(T) MAHAJOTHI (INTEG),TAMAN SUTERA JAYA,SUNGAI PETANI,08000,044230016,044230016
230,KEDAH,"PPD KUALA MUDA/YAN",Jenis Kebangsaan (T),KBD3088,SJK(T) LDG KUALA MUDA BHG HOME,JALAN KUALA KETIL,SUNGAI PETANI,08009,0125003538,TIADA
231,KEDAH,"PPD KUALA MUDA/YAN",Jenis Kebangsaan (T),KBD3090,SJK(T) LDG PATANI PARA,PETI SURAT 61 LADANG PATANI PARA,SUNGAI PETANI,08007,044620241,TIADA
232,KEDAH,"PPD KUALA MUDA/YAN",Jenis Kebangsaan (T),KBD3091,SJK(T) LDG SCARBORO BHG 2,"SJKT SCARBORO,SUNGAI PETANI",SUNGAI PETANI,08000,0134608822,TIADA
233,KEDAH,"PPD KUALA MUDA/YAN",Jenis Kebangsaan (T),KBD3093,SJK(T) SOMASUNDRAM,LADANG SUNGAI TUKANG,SUNGAI PETANI,08000,0194448294,TIADA
234,KEDAH,"PPD KUALA MUDA/YAN",Jenis Kebangsaan (T),KBD3094,SJK(T) SARASWATHY,"JALAN TIONG, TAMAN TIONG",SUNGAI PETANI,08000,044211010,044211010
235,KEDAH,"PPD KUALA MUDA/YAN",Jenis Kebangsaan (T),KBD3095,SJK(T) SUNGAI GETAH,"JALAN BUKIT SELAMBAU, SUNGAI LALANG",BEDONG,08100,019-5606187,TIADA
236,KEDAH,"PPD KUALA MUDA/YAN",Jenis Kebangsaan (T),KBD3096,SJK(T) PALANISAMY KUMARAN,"BAHAGIAN SUNGAI, PETI SURAT 63",SUNGAI PETANI,08007,0194722935,TIADA
237,KEDAH,"PPD KUALA MUDA/YAN",Jenis Kebangsaan (T),KBD3097,SJK(T) LDG LUBOK SEGINTAH,LADANG LUBOK SEGINTAH,SUNGAI PETANI,08010,044430010,TIADA
238,KEDAH,"PPD KUALA MUDA/YAN",Jenis Kebangsaan (T),KBD3106,SJK(T) KALAIVAANI,PADANG LEMBU,GURUN,08330,0194819178,TIADA
239,KEDAH,"PPD KUALA MUDA/YAN",Kebangsaan,KBA3001,SK GURUN (PUSAT),"GURUN,",GURUN,08300,044686249,044680699
240,KEDAH,"PPD KUALA MUDA/YAN",Kebangsaan,KBA3002,SK JENIANG (PUSAT),JENIANG,JENIANG,08700,044644177,044647812
241,KEDAH,"PPD KUALA MUDA/YAN",Kebangsaan,KBA3003,SK BATU HAMPAR,KAMPONG BATU HAMPAR,BEDONG,08100,044573187,044573187
242,KEDAH,"PPD KUALA MUDA/YAN",Kebangsaan,KBA3004,SK SERI WANGSA,BUKIT SELAMBAU,SUNGAI PETANI,08010,044430524,044430694
243,KEDAH,"PPD KUALA MUDA/YAN",Kebangsaan,KBA3005,SK SULTAN MUDZAFFAR SHAH,"SK SULTAN MUDZAFFAR SHAH, BUJANG",BEDONG,08100,04 4573308,04 4573308
244,KEDAH,"PPD KUALA MUDA/YAN",Kebangsaan,KBA3006,SK AMAN JAYA,SUNGAI LALANG,SUNGAI PETANI,08000,044593578,044593578
245,KEDAH,"PPD KUALA MUDA/YAN",Kebangsaan,KBA3007,SK BKT SELAMBAU,BUKIT SELAMBAU,SUNGAI PETANI,08010,044191887,044192230
246,KEDAH,"PPD KUALA MUDA/YAN",Kebangsaan,KBA3008,SK BEDONG,BEDONG,BEDONG,08100,044585192,044585192
247,KEDAH,"PPD KUALA MUDA/YAN",Kebangsaan,KBA3009,SK LADANG HARVARD,"08100 BEDONG, KEDAH",BEDONG,08100,044589786,044589786
248,KEDAH,"PPD KUALA MUDA/YAN",Kebangsaan,KBA3010,SK DATARAN MUDA,SUNGAI PETANI,SUNGAI PETANI,08000,6044627473,TIADA
249,KEDAH,"PPD KUALA MUDA/YAN",Kebangsaan,KBA3011,SK SRI JERAI,"GURUN, KEDAH DARUL  AMAN",GURUN,08300,044686293,044686293
250,KEDAH,"PPD KUALA MUDA/YAN",Kebangsaan,KBA3012,SK PANTAI PRAI,SK PANTAI PRAI,PADANG SERAI,09400,044315993,044315993
251,KEDAH,"PPD KUALA MUDA/YAN",Kebangsaan,KBA3013,SK HJ. OMAR TAHIR,PENGKALAN BUJANG,BEDONG,08100,044473303,044473303
252,KEDAH,"PPD KUALA MUDA/YAN",Kebangsaan,KBA3014,SK PATANI PARA,LADANG PATANI PARA,SUNGAI PETANI,08009,044620242,TIADA
253,KEDAH,"PPD KUALA MUDA/YAN",Kebangsaan,KBA3015,SK SEMELING,SEMELING,BEDONG,08100,044583830,044583830
254,KEDAH,"PPD KUALA MUDA/YAN",Kebangsaan,KBA3016,SK SUNGAI LALANG,"SG. LALANG,",BEDONG,08100,044582218,044582219
255,KEDAH,"PPD KUALA MUDA/YAN",Kebangsaan,KBA3017,SK SUNGKAP PARA,"SUNGAI PETANI,",SUNGAI PETANI,08000,0174205558,""
256,KEDAH,"PPD KUALA MUDA/YAN",Kebangsaan,KBA3018,SK SUNGAI TOK PAWANG,BEDONG,BEDONG,08100,044587051,044587051
257,KEDAH,"PPD KUALA MUDA/YAN",Kebangsaan,KBA3019,SK TANJONG DAWAI,TANJONG DAWAI,BEDONG,08110,044573304,044573304
258,KEDAH,"PPD KUALA MUDA/YAN",Kebangsaan,KBA3020,SK BUKIT KECHIL,BUKIT KECHIL,"KOTA KUALA MUDA",08500,044375864,TIADA
259,KEDAH,"PPD KUALA MUDA/YAN",Kebangsaan,KBA3021,SK DARUL AMAN,BUKIT KECHIL,TIKAM BATU,08600,044318004,044318004
260,KEDAH,"PPD KUALA MUDA/YAN",Kebangsaan,KBA3022,SK BUKIT MERIAM,KAMPONG BUKIT MERIAM,"KOTA KUALA MUDA",08500,6044375959,4375959
261,KEDAH,"PPD KUALA MUDA/YAN",Kebangsaan,KBA3023,SK HAJI SULAIMAN,KOTA KUALA MUDA,"KOTA KUALA MUDA",08500,044376332,044376332
262,KEDAH,"PPD KUALA MUDA/YAN",Kebangsaan,KBA3024,SK SRI GEDONG,"SUNGAI PETANI, KEDAH",SUNGAI PETANI,08000,044338600,044338602
263,KEDAH,"PPD KUALA MUDA/YAN",Kebangsaan,KBA3025,SK KOTA KUALA MUDA,KOTA KUALA MUDA,"KOTA KUALA MUDA",08500,6044374672,6044374762
264,KEDAH,"PPD KUALA MUDA/YAN",Kebangsaan,KBA3027,SK SERI KUALA,"KUALA SUNGAI MUDA, KOTA KUALA MUDA",SUNGAI PETANI,08500,044377221,044377222
265,KEDAH,"PPD KUALA MUDA/YAN",Kebangsaan,KBA3028,SK KAMPUNG KUALA SIN,BUKIT SELAMBAU,SUNGAI PETANI,08010,044191918,044191918
266,KEDAH,"PPD KUALA MUDA/YAN",Kebangsaan,KBA3029,SK SERI PINANG,SK SERI PINANG,SUNGAI PETANI,08000,044214540,044214540
267,KEDAH,"PPD KUALA MUDA/YAN",Kebangsaan,KBA3030,SK PINANG TUNGGAL,PINANG TUNGGAL,SUNGAI PETANI,08000,044312248,044312248
268,KEDAH,"PPD KUALA MUDA/YAN",Kebangsaan,KBA3031,SK RANTAU PANJANG,"KOTA KUALA MUDA,","KOTA KUALA MUDA",08500,044375487,044375487
269,KEDAH,"PPD KUALA MUDA/YAN",Kebangsaan,KBA3032,SK SIDAM KIRI,PADANG SERAI,PADANG SERAI,09400,044430469,""
270,KEDAH,"PPD KUALA MUDA/YAN",Kebangsaan,KBA3033,SK SIMPOR,TIKAM BATU,TIKAM BATU,08600,044388762,044388762
271,KEDAH,"PPD KUALA MUDA/YAN",Kebangsaan,KBA3034,SK SUNGAI PASIR,KAMPUNG SUNGAI PASIR,SUNGAI PETANI,08000,044311552,044311552
272,KEDAH,"PPD KUALA MUDA/YAN",Kebangsaan,KBA3035,SK KHIR JOHARI,"JALAN MAWAR 1, OFF JALAN PENGKALAN",SUNGAI PETANI,08000,044212350,044212350
273,KEDAH,"PPD KUALA MUDA/YAN",Kebangsaan,KBA3036,SK SUNGAI PETANI,JALAN SEKERAT,SUNGAI PETANI,08000,044212843,044213843
274,KEDAH,"PPD KUALA MUDA/YAN",Kebangsaan,KBA3037,SK TIKAM BATU,TIKAM BATU,TIKAM BATU,08600,6044388730,6044387629
275,KEDAH,"PPD KUALA MUDA/YAN",Kebangsaan,KBA3038,SK BATU EMPAT,"BATU 4 JLN JENIANG, GURUN",GURUN,08300,044688294,044688294
276,KEDAH,"PPD KUALA MUDA/YAN",Kebangsaan,KBA3039,SK BERAPIT,TIKAM BATU,SUNGAI PETANI,08600,6044389350,044389350
277,KEDAH,"PPD KUALA MUDA/YAN",Kebangsaan,KBA3040,SK KEM LAPANGAN TERBANG,SUNGAI PETANI,SUNGAI PETANI,08000,044219770,044219770
278,KEDAH,"PPD KUALA MUDA/YAN",Kebangsaan,KBA3041,SK PETANI JAYA,TAMAN PETANI JAYA,SUNGAI PETANI,08000,044217721,044244533
279,KEDAH,"PPD KUALA MUDA/YAN",Kebangsaan,KBA3042,SR PENDIDIKAN KHAS SUNGAI PATANI (P),MUKIM BUJANG,MERBOK,08400,044571104,044571153
280,KEDAH,"PPD KUALA MUDA/YAN",Kebangsaan,KBA3043,SK TUNKU ISMAIL,"TAMAN INTAN,",SUNGAI PETANI,08000,6044244977,6044257844
281,KEDAH,"PPD KUALA MUDA/YAN",Kebangsaan,KBA3044,SK TAMAN RIA,"JALAN RIA 4, TAMAN RIA",SUNGAI PETANI,08000,044484141,044484144
282,KEDAH,"PPD KUALA MUDA/YAN",Kebangsaan,KBA3045,SK SUNGAI LAYAR,"SUNGAI LAYAR UJONG,",SUNGAI PETANI,08000,044236466,044236466
283,KEDAH,"PPD KUALA MUDA/YAN",Kebangsaan,KBA3046,SK KAMPONG PASIR,MERBOK,MERBOK,08400,6044474168,6044474169
284,KEDAH,"PPD KUALA MUDA/YAN",Kebangsaan,KBA3047,SK BANDAR BARU SUNGAI LALANG,BANDAR BARU SUNGAI LALANG,SUNGAI PETANI,08000,044593193,044593193
285,KEDAH,"PPD KUALA MUDA/YAN",Kebangsaan,KBA3048,SK TAMAN SERI WANG,SUNGAI PETANI,SUNGAI PETANI,08000,6044223150,6044221810
286,KEDAH,"PPD KUALA MUDA/YAN",Kebangsaan,KBA3049,SK TASEK APONG,JALAN PAHLAWAN,SUNGAI PETANI,08000,044210022,044210022
287,KEDAH,"PPD KUALA MUDA/YAN",Kebangsaan,KBA3050,SK BAKAR ARANG,TAMAN ARKED,SUNGAI PETANI,08000,044234542,044224378
288,KEDAH,"PPD KUALA MUDA/YAN",Kebangsaan,KBA3051,SK TAMAN INTAN,SUNGAI PETANI,SUNGAI PETANI,08000,044214809,04-4214967
289,KEDAH,"PPD KUALA MUDA/YAN",Kebangsaan,KBA3052,SK SUNGAI PASIR KECHIL,"KM 6, JALAN KUALA KETIL, TAMAN SUTERA JAYA",SUNGAI PETANI,08000,044256728,044212184
290,KEDAH,"PPD KUALA MUDA/YAN",Kebangsaan,KBA3053,SK TELUK WANG,SK. TELUK WANG,SUNGAI PETANI,08000,044315068,044315072
291,KEDAH,"PPD KUALA MUDA/YAN",Kebangsaan,KBA3054,SK BANDAR BARU SUNGAI LALANG 2,BANDAR BARU SUNGAI LALANG,SUNGAI PETANI,08000,6044412311,6044412314
292,KEDAH,"PPD KUALA MUDA/YAN",Kebangsaan,KBA3055,SEKOLAH KEBANGSAAN BUKIT KIARA,"JALAN AYAM DIDIK 1, TAMAN RIA JAYA",Sungai Petani,08000,044411386,044410998
293,KEDAH,"PPD KUALA MUDA/YAN",Kebangsaan,KBA3056,SK BANDAR PUTERI JAYA,SK BANDAR PUTERI JAYA,SUNGAI PETANI,08000,044430112,044430113
294,KEDAH,"PPD KUALA MUDA/YAN",Kebangsaan,KBA3057,SEKOLAH KEBANGSAAN LAGUNA MERBOK,BANDAR LAGUNA MERBOK,SUNGAI PETANI,08000,044470118,044430093
295,KEDAH,"PPD KUALA MUDA/YAN",Kebangsaan,KBA9001,SK GUAR CHEMPEDAK,GUAR CHEMPEDAK,"GUAR CHEMPEDAK",08800,044686168,044686168
296,KEDAH,"PPD KUALA MUDA/YAN",Kebangsaan,KBA9002,SK PADANG LUMAT,"GUAR CHEMPEDAK,","GUAR CHEMPEDAK",08800,047692192,047692192
297,KEDAH,"PPD KUALA MUDA/YAN",Kebangsaan,KBA9003,SK SUNGAI KERING,KAMPUNG SUNGAI KERING,YAN,06910,6047693511,6047693511
298,KEDAH,"PPD KUALA MUDA/YAN",Kebangsaan,KBA9004,SK SUNGAI LIMAU,SUNGAI LIMAU,YAN,06910,047694941,047694941
299,KEDAH,"PPD KUALA MUDA/YAN",Kebangsaan,KBA9005,SK HAJI KASSIM JASIN,"SK HJ KASSIM JASIN, SELENGKOH,",YAN,06910,6044471361,TIADA
300,KEDAH,"PPD KUALA MUDA/YAN",Kebangsaan,KBA9006,SK ULU SEDAKA,SK ULU SEDAKA,YAN,06900,044471043,044471043
301,KEDAH,"PPD KUALA MUDA/YAN",Kebangsaan,KBA9007,SK DULANG,"DULANG KECHIL,",YAN,06900,6044655643,6044655643
302,KEDAH,"PPD KUALA MUDA/YAN",Kebangsaan,KBA9008,SK KAMPONG PAUH,KAMPUNG PAUH,YAN,06900,044478012,044470058
303,KEDAH,"PPD KUALA MUDA/YAN",Kebangsaan,KBA9009,SK KAMPONG SETAR,"KAMPONG SETAR,",YAN,06900,044658027,044658027
304,KEDAH,"PPD KUALA MUDA/YAN",Kebangsaan,KBA9010,SK LANGKASUKA,JALAN PEGAWAI,YAN,06900,044655535,044655535
305,KEDAH,"PPD KUALA MUDA/YAN",Kebangsaan,KBA9011,SK TOK MAT SALLEH,KAMPUNG RUAT,YAN,06900,044651051,044651051
306,KEDAH,"PPD KUALA MUDA/YAN",Kebangsaan,KBA9012,SK TEROI,GUAR CHEMPEDAK,"GUAR CHEMPEDAK",08800,6044686359,6044686359
307,KEDAH,"PPD KUALA MUDA/YAN",Kebangsaan,KBA9013,SK YAN KECHIL,YAN KECHIL,YAN,06900,044655951,044655951
308,KEDAH,"PPD KUALA MUDA/YAN",Kebangsaan,KBA9014,SK HJ NYAK GAM,YAN,YAN,06900,6044658057,6044658057
309,KEDAH,"PPD KUALA MUDA/YAN",Kebangsaan,KBA9016,SK BUKIT BESAR,KOTA SARANG SEMUT,ALOR SETAR,06800,047694933,047694933
310,KEDAH,"PPD KUALA MUDA/YAN",Kebangsaan,KBA9017,SK PERMATANG BULOH,KOTA SARANG SEMUT,ALOR SETAR,06800,047691132,047691132
311,KEDAH,"PPD KUALA MUDA/YAN",Kebangsaan,KBA9018,SK SUNGAI DEDAP,"KOTA SARANG SEMUT,","KOTA SARANG SEMUT",06800,047691172,047691172
312,KEDAH,"PPD KUALA MUDA/YAN",Kebangsaan,KBA9019,SK SIMPANG TIGA SG DAUN,"SPG TIGA SG DAUN, KOTA SARANG SEMUT","KOTA SARANG SEMUT",06680,047695068,047695068
313,KEDAH,"PPD KUALA MUDA/YAN",Kebangsaan,KBA9020,SK SUNGAI DAUN TENGAH,"SIMPANG TIGA, SG LIMAU,","KOTA SARANG SEMUT",06680,044473649,TIADA
314,KEDAH,"PPD KUALA MUDA/YAN",Kebangsaan,KBA9021,SK SINGKIR,SINGKIR,BEDONG,08110,044573166,044573166
315,KEDAH,"PPD KUALA MUDA/YAN",Kebangsaan,KBA9022,SK HAJI HUSSIN DOL,GUAR CHEMPEDAK,"GUAR CHEMPEDAK",08800,044688544,044688544
316,KEDAH,"PPD KUALA MUDA/YAN",Kebangsaan,KBB3038,SK SERI AMAN,"BEDONG, KEDAH DARUL AMAN.",BEDONG,08100,044581143,044581334
317,KEDAH,"PPD KUALA MUDA/YAN",Kebangsaan,KBB3039,SK FATHER BARRE'S CONVENT (M),JALAN KOLAM AIR,SUNGAI PETANI,08000,044218873,044218873
318,KEDAH,"PPD KUALA MUDA/YAN",Kebangsaan,KBB3040,SK IBRAHIM,JALAN KOLAM AIR,SUNGAI PETANI,08000,044212330,044212330
319,KEDAH,"PPD KUALA MUDA/YAN",Kebangsaan,KBB3041,SK ST THERESA (M),JALAN KOLAM AIR,SUNGAI PETANI,08000,044219578,044219578
320,KEDAH,"PPD KUALA MUDA/YAN",Kebangsaan,KBE3011,SK MERBOK (PUSAT),KAMPUNG MERBOK,MERBOK,08400,044573231,044573231
321,KEDAH,"PPD KUALA MUDA/YAN",Kebangsaan,KBE3043,SK TUAN SYED JAN AL-JAFFRI,"JLN SG JAGUNG, SG LAYAR,",SUNGAI PETANI,08000,044212668,044212668
322,KEDAH,"PPD KUALA MUDA/YAN",Kebangsaan,KCT3001,"SEKOLAH RENDAH AKADEMI ISLAM HJ. ABDULLAH SUBOH",JALAN SUNGAI EMAS HUJUNG,"KOTA KUALA MUDA",08500,044374270,044374036
323,KEDAH,"PPD KUALA MUDA/YAN",Kebangsaan,KCT3002,SEKOLAH RENDAH ISLAM AL-IHSANIAH,"LOT 701, PEKAN TIKAM BATU",SUNGAI PETANI,08600,044388990,044380039
324,KEDAH,PPD KUBANG PASU,Jenis Kebangsaan (C),KBC4042,SJK(C) CHUNG HWA,JALAN DATO' OSMAN AROF,JITRA,06000,049173481,049173481
325,KEDAH,PPD KUBANG PASU,Jenis Kebangsaan (C),KBC4043,SJK(C) CHOONG HWA,JALAN CHANGLUN,KODIANG,06100,049252423,049252423
326,KEDAH,PPD KUBANG PASU,Jenis Kebangsaan (C),KBC4044,SJK(C) CHEE NAN,JALAN PUTERA,AYER HITAM,06150,047946796,047946796
327,KEDAH,PPD KUBANG PASU,Jenis Kebangsaan (C),KBC4045,SJK(C) HWA MIN,PEKAN TUNJANG,JITRA,06000,049292933,049292933
328,KEDAH,PPD KUBANG PASU,Jenis Kebangsaan (C),KBC4046,SJK(C) LAM MIN,KERPAN,AYER HITAM,06150,047946797,047946797
329,KEDAH,PPD KUBANG PASU,Jenis Kebangsaan (C),KBC4047,SJK(C) PEI MIN,PADANG SERA,KODIANG,06100,049252178,049252178
330,KEDAH,PPD KUBANG PASU,Jenis Kebangsaan (C),KBC4048,SJK(C) YIT MIN,"PEKAN BARU, JALAN KODIANG",CHANGLUN,06010,049241246,049241246
331,KEDAH,PPD KUBANG PASU,Jenis Kebangsaan (C),KBC4049,SJK(C) YUH MIN,JALAN PUTRA,AYER HITAM,06150,047949625,047949625
332,KEDAH,PPD KUBANG PASU,Jenis Kebangsaan (T),KBD4050,SJK(T) CHANGLUN,PEKAN CHANGLUN,CHANGLUN,06010,049244281,049244435
333,KEDAH,PPD KUBANG PASU,Jenis Kebangsaan (T),KBD4051,SJK(T) LDG PAYA KAMUNTING,LEBUH RAYA UTARA SELATAN,JITRA,06000,049170807,049170807
334,KEDAH,PPD KUBANG PASU,Jenis Kebangsaan (T),KBD4052,SJK(T) DARUL AMAN,"TAMAN DATO' OSMAN AROFF,",JITRA,06000,049174025,049174025
335,KEDAH,PPD KUBANG PASU,Kebangsaan,KBA4001,SK AYER HITAM,KM 21 JALAN PUTERA,AYER HITAM,06150,047940345,047940345
336,KEDAH,PPD KUBANG PASU,Kebangsaan,KBA4002,SK HAJI WAN YAHYA,"BATU 6 , JALAN SANGLANG",KODIANG,06100,047946794,047946794
337,KEDAH,PPD KUBANG PASU,Kebangsaan,KBA4003,SK BATU 8 CHANGLUN,"SK. FELDA BATU 8, CHANGLUN",JITRA,06010,049244278,049244278
338,KEDAH,PPD KUBANG PASU,Kebangsaan,KBA4004,SK DATO' SYED NAHAR,"BATU 4, JALAN KODIANG SANGLANG",KODIANG,06100,049254396,049254396
339,KEDAH,PPD KUBANG PASU,Kebangsaan,KBA4005,SK BINJAL,ASUN,JITRA,06000,049175560,049165561
340,KEDAH,PPD KUBANG PASU,Kebangsaan,KBA4006,SK GUAR NAPAI,FELDA GUAR NAPAI,KODIANG,06100,049243770,049243770
341,KEDAH,PPD KUBANG PASU,Kebangsaan,KBA4007,SK DATO' WAN KEMARA,KM 9 LEBUHRAYA UTARA SELATAN,CHANGLUN,06010,049241235,9246962
342,KEDAH,PPD KUBANG PASU,Kebangsaan,KBA4008,SK GELONG,KAMPONG SALIT,JITRA,06000,049175830,049175830
343,KEDAH,PPD KUBANG PASU,Kebangsaan,KBA4009,SK JITRA,JALAN IBRAHIM,JITRA,06000,049171297,049161851
344,KEDAH,PPD KUBANG PASU,Kebangsaan,KBA4010,SK KODIANG,JALAN KODIANG,KODIANG,06100,049255726,049255726
345,KEDAH,PPD KUBANG PASU,Kebangsaan,KBA4011,SK DATO' SRI SYED AHMAD,JALAN  MEGAT DEWA,AYER HITAM,06150,047946808,047946808
346,KEDAH,PPD KUBANG PASU,Kebangsaan,KBA4012,SK HOSBA,"JALAN CHANGLUN, PEKAN NAPOH,",JITRA,06000,049161160,049161160
347,KEDAH,PPD KUBANG PASU,Kebangsaan,KBA4013,SK MEGAT DEWA,SK MEGAT DEWA,KODIANG,06100,049252181,049252181
348,KEDAH,PPD KUBANG PASU,Kebangsaan,KBA4014,SK MANGGOL BONGOR,JALAN MEGAT DEWA,KODIANG,06100,049253795,049253795
349,KEDAH,PPD KUBANG PASU,Kebangsaan,KBA4015,SK MATANG PAKU,JALAN AYER HITAM,AYER HITAM,06150,047946798,047942144
350,KEDAH,PPD KUBANG PASU,Kebangsaan,KBA4016,SK PADANG PERAHU,KM 29 JALAN KODIANG,JITRA,06000,049291677,049291676
351,KEDAH,PPD KUBANG PASU,Kebangsaan,KBA4017,SK TUNKU LAKSAMANA,PIDA 6 TUNJANG,AYER HITAM,06150,047940613,047940613
352,KEDAH,PPD KUBANG PASU,Kebangsaan,KBA4018,SK PIDA TIGA,TUNJANG,JITRA,06000,047946799,047946799
353,KEDAH,PPD KUBANG PASU,Kebangsaan,KBA4019,SK HAKIM TEH,"PULAU TIMBUL,MUKIM JERAM, TUNJANG",JITRA,06000,049293662,049293662
354,KEDAH,PPD KUBANG PASU,Kebangsaan,KBA4020,SK SANGLANG,JALAN AYER HITAM,ALOR SETAR,06150,047946187,047946187
355,KEDAH,PPD KUBANG PASU,Kebangsaan,KBA4021,SK SIPUTEH,PEKAN PADANG SERA,KODIANG,06100,049251969,049251245
356,KEDAH,PPD KUBANG PASU,Kebangsaan,KBA4022,SK TOK KEPAK,JALAN MEGAT DEWA,KODIANG,06100,049253791,049253791
357,KEDAH,PPD KUBANG PASU,Kebangsaan,KBA4023,SK BANDAR BUKIT KAYU HITAM,SK BANDAR BUKIT KAYU HITAM,"BUKIT KAYU HITAM",06050,049221266,049221266
358,KEDAH,PPD KUBANG PASU,Kebangsaan,KBA4024,SK (FELDA) LAKA SELATAN,FELDA LAKA SELATAN,CHANGLUN,06010,049244261,049244261
359,KEDAH,PPD KUBANG PASU,Kebangsaan,KBA4025,SK ANAK-ANAK TENTERA,"TOK JALAI,",JITRA,06000,047143317,047143317
360,KEDAH,PPD KUBANG PASU,Kebangsaan,KBA4026,SK JERLUN,"KM 16,JALAN PUTRA",AYER HITAM,06150,047940609,047940609
361,KEDAH,PPD KUBANG PASU,Kebangsaan,KBA4027,SK SERI BANAI,JALAN WANG TEPUS,JITRA,06000,049161842,049161842
362,KEDAH,PPD KUBANG PASU,Kebangsaan,KBA4028,SK PENGHULU HJ DARUS,"SK PENGHULU HAJI DARUS, WANG TEPUS",JITRA,06000,049178697,049178697
363,KEDAH,PPD KUBANG PASU,Kebangsaan,KBA4029,SK MALAU,"JALAN BUKIT WANG,",JITRA,06000,049177769,049177769
364,KEDAH,PPD KUBANG PASU,Kebangsaan,KBA4030,SK TELOK MALEK,JALAN SUNGAI KOROK,JITRA,06000,049171209,049171209
365,KEDAH,PPD KUBANG PASU,Kebangsaan,KBA4031,SK KEPALA BATAS,JALAN KG NAGA,KEPALA BATAS,06200,047144903,047144903
366,KEDAH,PPD KUBANG PASU,Kebangsaan,KBA4032,SK SERI MUDA,ALOR BIAK,AYER HITAM,06150,047949509,047949509
367,KEDAH,PPD KUBANG PASU,Kebangsaan,KBA4033,SK JITRA 2,JALAN TOK KESOP,JITRA,06000,049179433,049179433
368,KEDAH,PPD KUBANG PASU,Kebangsaan,KBA4034,SK BANDAR BARU DARULAMAN,JALAN UNIVERSITI,JITRA,06000,049199671,049199671
369,KEDAH,PPD KUBANG PASU,Kebangsaan,KBA4056,SK PULAU CHAPA,JALAN AYER HITAM,JITRA,06000,047942084,047942084
370,KEDAH,PPD KUBANG PASU,Kebangsaan,KBA4057,SK (FELDA) BKT TANGGA,FELDA BUKIT TANGGA,"BANDAR BUKIT KAYU HI",06050,049222340,049222340
371,KEDAH,PPD KUBANG PASU,Kebangsaan,KBA4058,SK BUKIT TINGGI,JALAN BUKIT TINGGI,KEPALA BATAS,06200,047143353,047143353
372,KEDAH,PPD KUBANG PASU,Kebangsaan,KBA4059,SK BANDAR BARU SINTOK,JALAN UUM,SINTOK,06010,049244299,049244299
373,KEDAH,PPD KUBANG PASU,Kebangsaan,KBA4060,SK PULAU NYIOR,JALAN KODIANG,JITRA,06000,049292527,049292816
374,KEDAH,PPD KUBANG PASU,Kebangsaan,KBA4061,SK JITRA 3,JALAN HOSPITAL,JITRA,06000,049174036,049174036
375,KEDAH,PPD KUBANG PASU,Kebangsaan,KBA4062,SK PADANG PEKAN,JALAN ISTANA KAMPUNG LUBUK KAWAH,JITRA,06000,049177782,049177782
376,KEDAH,PPD KUBANG PASU,Kebangsaan,KBA4063,SK PUTAT,JALAN TELOK TENGGIRI,JITRA,06000,604-9252146,604-9252146
377,KEDAH,PPD KUBANG PASU,Kebangsaan,KBA4064,SK PAYA KEMUNTING,JALAN CHANGLUN,JITRA,06000,049175784,049175792
378,KEDAH,PPD KUBANG PASU,Kebangsaan,KBA4065,SK DARULAMAN HEIGHT,Bandar Darulaman,Jitra,06000,049172818,049171251
379,KEDAH,PPD KUBANG PASU,Kebangsaan,KBB4033,SK SULTAN AHMAD TAJUDDIN,"JALAN CHANGLUN,",JITRA,06000,049171277,049171862
380,KEDAH,PPD KUBANG PASU,Kebangsaan,KBE4023,SK TUNKU BENDAHARA,JALAN KODIANG KE CHANGLUN,KODIANG,06100,049253263,049253263
381,KEDAH,PPD KUBANG PASU,Kebangsaan,KBE4024,SK TUNJANG,"JALAN KODIANG, MK TUNJANG",JITRA,06000,049291427,049291427
382,KEDAH,"PPD KULIM/BANDAR BARU",Jenis Kebangsaan (C),KBC1019,SJK(C) CHEONG CHEN,BAGAN SAMAK,"BANDAR BAHARU",34950,057168634,057168634
383,KEDAH,"PPD KULIM/BANDAR BARU",Jenis Kebangsaan (C),KBC1020,SJK(C) KWANG HWA SKI,SUNGAI KECIL ILIR,NIBONG TEBAL,14300,045941590,045941590
384,KEDAH,"PPD KULIM/BANDAR BARU",Jenis Kebangsaan (C),KBC1021,SJK(C) KWANG HWA,BANDAR BAHARU,"BANDAR BAHARU",34950,057168160,057168160
385,KEDAH,"PPD KULIM/BANDAR BARU",Jenis Kebangsaan (C),KBC1022,SJK(C) POAY CHAI,PEKAN LUBOK BUNTAR,SERDANG,09800,044076355,044076355
386,KEDAH,"PPD KULIM/BANDAR BARU",Jenis Kebangsaan (C),KBC1023,SJK(C) SERDANG,JALAN PECAH BATU,SERDANG,09800,044078486,044078486
387,KEDAH,"PPD KULIM/BANDAR BARU",Jenis Kebangsaan (C),KBC1024,SJK(C) YEOK KHEONG,SELAMA,SERDANG,09810,058395259,058395259
388,KEDAH,"PPD KULIM/BANDAR BARU",Jenis Kebangsaan (C),KBC5032,SJK(C)  AIK CHEE,Jalan Kuala Ketil,KUALA KETIL,09300,044162505,044162505
389,KEDAH,"PPD KULIM/BANDAR BARU",Jenis Kebangsaan (C),KBC5033,SJK(C) CHIO MIN 'A',JALAN KELANG SAGO,KULIM,09000,044903797,044903797
390,KEDAH,"PPD KULIM/BANDAR BARU",Jenis Kebangsaan (C),KBC5034,SJK(C) CHIO MIN 'B',JALAN KELANG SAGO,KULIM,09000,044906037,044906037
391,KEDAH,"PPD KULIM/BANDAR BARU",Jenis Kebangsaan (C),KBC5035,SJK(C) CHONG CHENG,JALAN TUNKU BENDAHARA,KULIM,09000,044907701,044907701
392,KEDAH,"PPD KULIM/BANDAR BARU",Jenis Kebangsaan (C),KBC5036,SJK(C) HUA MIN,PEKAN SUNGAI KARANGAN,"SUNGAI KARANGAN",09410,044858258,044858258
393,KEDAH,"PPD KULIM/BANDAR BARU",Jenis Kebangsaan (C),KBC5037,SJK(C) HWA MIN,JALAN SUNGAI,LUNAS,09600,044844236,044844236
394,KEDAH,"PPD KULIM/BANDAR BARU",Jenis Kebangsaan (C),KBC5038,SJK(C) KHAI MIN,KARANGAN,KARANGAN,09700,044059613,044059613
395,KEDAH,"PPD KULIM/BANDAR BARU",Jenis Kebangsaan (C),KBC5039,SJK(C) KONG MIN,"SG KOB,  KARANGAN",KARANGAN,09700,044057412,044057412
396,KEDAH,"PPD KULIM/BANDAR BARU",Jenis Kebangsaan (C),KBC5040,SJK(C) SIN MIN,JUNJONG,KULIM,09000,044871394,044871394
397,KEDAH,"PPD KULIM/BANDAR BARU",Jenis Kebangsaan (C),KBC5041,SJK(C) SIN TEONG MAHANG,MAHANG,KARANGAN,09500,044041672,044041672
398,KEDAH,"PPD KULIM/BANDAR BARU",Jenis Kebangsaan (C),KBC5042,SJK(C) SHANG CHENG,S.J.K.( C) SHANG CHENG,PADANG SERAI,09400,044855348,044855348
399,KEDAH,"PPD KULIM/BANDAR BARU",Jenis Kebangsaan (C),KBC5043,SJK(C) KELANG LAMA,JLN KELANG LAMA,Kulim,09000,044903385,044903385
400,KEDAH,"PPD KULIM/BANDAR BARU",Jenis Kebangsaan (T),KBD1025,SJK(T) LADANG BUNTAR,SERDANG,SERDANG,09800,0124969824,TIADA
401,KEDAH,"PPD KULIM/BANDAR BARU",Jenis Kebangsaan (T),KBD1026,SJK(T) GANESAR,JALAN PADANG,SERDANG,09800,044077868,044077868
402,KEDAH,"PPD KULIM/BANDAR BARU",Jenis Kebangsaan (T),KBD5043,SJK(T) LADANG BUKIT SELARONG,LADANG BUKIT SELARONG,PADANG SERAI,09400,044032586,044032586
403,KEDAH,"PPD KULIM/BANDAR BARU",Jenis Kebangsaan (T),KBD5044,SJK(T)  LADANG HENRIETTA,"LOT 1896,MUKIM NAGALILIT",PADANG SERAI,09400,044000064,044000067
404,KEDAH,"PPD KULIM/BANDAR BARU",Jenis Kebangsaan (T),KBD5046,SJK(T) LADANG PADANG MEIHA,LADANG PADANG MEIHA,PADANG SERAI,09400,"",""
405,KEDAH,"PPD KULIM/BANDAR BARU",Jenis Kebangsaan (T),KBD5047,SJK(T) LADANG VICTORIA,SIMPANG TIGA PADANG SERAI - SIDAM,PADANG SERAI,09400,045000016,044002053
406,KEDAH,"PPD KULIM/BANDAR BARU",Jenis Kebangsaan (T),KBD5048,SJK(T) LADANG WELLESLEY,"09600 LUNAS, KEDAH.",LUNAS,09600,045000024,045000024
407,KEDAH,"PPD KULIM/BANDAR BARU",Jenis Kebangsaan (T),KBD5049,SJK(T) LADANG ANAK KULIM,"PETI SURAT 22,LADANG ANAK KULIM",KULIM,09000,194112541,TIADA
408,KEDAH,"PPD KULIM/BANDAR BARU",Jenis Kebangsaan (T),KBD5050,SJK(T) LADANG BAGAN SENA,KULIM,KULIM,09000,0164284277,TIADA
409,KEDAH,"PPD KULIM/BANDAR BARU",Jenis Kebangsaan (T),KBD5051,SJK(T) LADANG BUKIT MERTAJAM,"PETI SURAT 4,  PEJABAT POS KULIM",KULIM,09007,044037636,044037636
410,KEDAH,"PPD KULIM/BANDAR BARU",Jenis Kebangsaan (T),KBD5052,SJK(T) LADANG BUKIT SIDIM,Ldg.Bukit Sidim 09010 Kulim,KULIM,09010,0194791220,""
411,KEDAH,"PPD KULIM/BANDAR BARU",Jenis Kebangsaan (T),KBD5053,SJK(T) KULIM,JLN TUNKU BENDAHARA,KULIM,09000,044905055,044956617
412,KEDAH,"PPD KULIM/BANDAR BARU",Jenis Kebangsaan (T),KBD5054,SJK(T) LADANG SUNGAI ULAR,"PETI SURAT 6,",KULIM,09007,044915157,044915157
413,KEDAH,"PPD KULIM/BANDAR BARU",Jenis Kebangsaan (T),KBD5055,SJK(T) LADANG SUNGAI DINGIN,"LADANG SUNGAI DINGIN,",KARANGAN,09700,0124783884,TIADA
414,KEDAH,"PPD KULIM/BANDAR BARU",Jenis Kebangsaan (T),KBD5056,SJK(T) LADANG DUBLIN BHG 5,LADANG DUBLIN BHG.5,KARANGAN,09700,019-5187216,TIADA
415,KEDAH,"PPD KULIM/BANDAR BARU",Jenis Kebangsaan (T),KBD5058,SJK(T) LADANG DUBLIN BHG. 7,LADANG DUBLINBAHAGIAN7,KARANGAN,09700,0124925287,TIADA
416,KEDAH,"PPD KULIM/BANDAR BARU",Jenis Kebangsaan (T),KBD5060,SJK(T) LADANG SOMME,BATU 14,SERDANG,09800,0194243026,TIADA
417,KEDAH,"PPD KULIM/BANDAR BARU",Kebangsaan,KBA1001,SK AYER PUTEH,KG AYER PUTEH,SERDANG,09800,044078423,044078423
418,KEDAH,"PPD KULIM/BANDAR BARU",Kebangsaan,KBA1002,SK BANDAR BAHARU,JALAN BAGAN SAMAK,"BANDAR BAHARU",34950,057167251,057167251
419,KEDAH,"PPD KULIM/BANDAR BARU",Kebangsaan,KBA1004,SK SUNGAI SALLEH,JALAN SERDANG - SELAMA,SERDANG,09800,044079044,044079044
420,KEDAH,"PPD KULIM/BANDAR BARU",Kebangsaan,KBA1005,SK LUBOK BUNTAR,LUBOK BUNTAR,SERDANG,09800,044078343,044078343
421,KEDAH,"PPD KULIM/BANDAR BARU",Kebangsaan,KBA1006,SK.PERMATANG KERAT TELUNJUK,PERMATANG KERAT TELUNJUK,"BANDAR BAHARU",34950,044076800,044076800
422,KEDAH,"PPD KULIM/BANDAR BARU",Kebangsaan,KBA1007,SK RELAU,JALAN SEKOLAH,SUNGAI JAWI,14200,045820133,045820133
423,KEDAH,"PPD KULIM/BANDAR BARU",Kebangsaan,KBA1008,SK SELAMA,JALAN MAHANG,SERDANG,09810,058391031,058391031
424,KEDAH,"PPD KULIM/BANDAR BARU",Kebangsaan,KBA1009,SK DATO' HAJI ZAINUDDIN,SK DATO' HJ ZAINUDDIN,SERDANG,09800,044078964,044078501
425,KEDAH,"PPD KULIM/BANDAR BARU",Kebangsaan,KBA1010,SK SUNGAI BATU,SUNGAI BATU,SERDANG,09800,043690057,TIADA
426,KEDAH,"PPD KULIM/BANDAR BARU",Kebangsaan,KBA1011,SK SG KECHIL ILIR,MUKIM SUNGAI KECHIL ILIR,"BANDAR BAHARU",14390,045937537,045937537
427,KEDAH,"PPD KULIM/BANDAR BARU",Kebangsaan,KBA1012,SK SUNGAI KECHIL ULU,SUNGAI KECHIL ULU,"BANDAR BAHARU",34950,057167798,057167798
428,KEDAH,"PPD KULIM/BANDAR BARU",Kebangsaan,KBA1013,SK SUNGAI TAKA,KAMPUNG SUNGAI TAKA,SERDANG,09800,044170149,044170149
429,KEDAH,"PPD KULIM/BANDAR BARU",Kebangsaan,KBA1014,SK SG TENGAS,KAMPUNG SUNGAI TENGAS,SERDANG,09800,044172703,044172703
430,KEDAH,"PPD KULIM/BANDAR BARU",Kebangsaan,KBA5001,SK BUKIT SELARONG,DALAM LADANG SIME DARBY SDN BHD,PADANG SERAI,09400,6044032161,6044032161
431,KEDAH,"PPD KULIM/BANDAR BARU",Kebangsaan,KBA5002,SK LDG BUKIT SIDIM,SK LADANG BUKIT SIDIM,KULIM,09010,044002295,-044002295
432,KEDAH,"PPD KULIM/BANDAR BARU",Kebangsaan,KBA5003,SK LADANG DUBLIN,JALAN MAHANG,KARANGAN,09700,045000133,TIADA
433,KEDAH,"PPD KULIM/BANDAR BARU",Kebangsaan,KBA5004,SK GUAR LOBAK,GUAR LOBAK,PADANG SERAI,09400,044850313,044850313
434,KEDAH,"PPD KULIM/BANDAR BARU",Kebangsaan,KBA5005,SK JUNJONG,JUNJONG,KULIM,09000,044871050,044872503
435,KEDAH,"PPD KULIM/BANDAR BARU",Kebangsaan,KBA5006,SK KELADI,KG KELADI,KULIM,09000,044951296,044911509
436,KEDAH,"PPD KULIM/BANDAR BARU",Kebangsaan,KBA5007,SK KULIM,"JLN TUNKU BENDAHARA,",KULIM,09000,6044905599,044906600
437,KEDAH,"PPD KULIM/BANDAR BARU",Kebangsaan,KBA5008,SK SRI KULIM,TAMAN BERLIAN,KULIM,09000,044900369,044900369
438,KEDAH,"PPD KULIM/BANDAR BARU",Kebangsaan,KBA5009,SK LABU BESAR,"JALAN PADANG UBI,LABU BESAR",KULIM,09010,044037688,044037688
439,KEDAH,"PPD KULIM/BANDAR BARU",Kebangsaan,KBA5010,SK SRI LIMAU,JALAN LUNAS,LUNAS,09600,044841079,044849117
440,KEDAH,"PPD KULIM/BANDAR BARU",Kebangsaan,KBA5011,SK LUNAS JAYA,SK LUNAS JAYA,KULIM,09600,044843973,044846013
441,KEDAH,"PPD KULIM/BANDAR BARU",Kebangsaan,KBA5012,SK MERBAU PULAS,MERBAU PULAS,KUALA KETIL,09300,044160331,044160331
442,KEDAH,"PPD KULIM/BANDAR BARU",Kebangsaan,KBA5013,SK MAHANG,KARANGAN,KULIM,09500,044042133,044042133
443,KEDAH,"PPD KULIM/BANDAR BARU",Kebangsaan,KBA5014,SK SUNGAI KARANGAN,SK SUNGAI KARANGAN,PADANG SERAI,09410,044858953,044858953
444,KEDAH,"PPD KULIM/BANDAR BARU",Kebangsaan,KBA5015,SK PERMATANG TOK DIK,JALAN PADANG SERAI,PADANG SERAI,09400,045000017,045000017
445,KEDAH,"PPD KULIM/BANDAR BARU",Kebangsaan,KBA5016,SK SUNGAI KOB,SUNGAI KOB,KARANGAN,09700,044056572,044056572
446,KEDAH,"PPD KULIM/BANDAR BARU",Kebangsaan,KBA5017,SK SUNGAI SELUANG,JALAN SUNGAI SELUANG,LUNAS,09600,044842290,044842290
447,KEDAH,"PPD KULIM/BANDAR BARU",Kebangsaan,KBA5018,SK SUNGAI ULAR,SUNGAI ULAR,KULIM,09000,044952153,044906064
448,KEDAH,"PPD KULIM/BANDAR BARU",Kebangsaan,KBA5019,SK SERI LINDUNGAN RAJA,SEDIM,KARANGAN,09700,0194523919,TIADA
449,KEDAH,"PPD KULIM/BANDAR BARU",Kebangsaan,KBA5020,SK TERAP,TERAP,SERDANG,09800,044078627,044078627
450,KEDAH,"PPD KULIM/BANDAR BARU",Kebangsaan,KBA5021,SK GUNUNG BONGSU,SK GUNUNG BONGSU,KARANGAN,09700,044170059,TIADA
451,KEDAH,"PPD KULIM/BANDAR BARU",Kebangsaan,KBA5022,SK PAGAR MUSIH,"KARANGAN, KEDAH DARUL AMAN",KARANGAN,09700,044000109,044000109
452,KEDAH,"PPD KULIM/BANDAR BARU",Kebangsaan,KBA5023,SK KULIM BANDAR,JLN.TUNKU MOHD. ASAAD,KULIM,09000,044900145,044900145
453,KEDAH,"PPD KULIM/BANDAR BARU",Kebangsaan,KBA5024,SK PERMATANG TIONG,JALAN KG AIR PUTEH,KULIM,09000,044872371,044872371
454,KEDAH,"PPD KULIM/BANDAR BARU",Kebangsaan,KBA5025,SK TAMAN SELASIH,SK TAMAN SELASIH,KULIM,09000,044952868,044952868
455,KEDAH,"PPD KULIM/BANDAR BARU",Kebangsaan,KBA5026,SK TAMAN KENARI,TAMAN KENARI,KULIM,09000,044911971,044904979
456,KEDAH,"PPD KULIM/BANDAR BARU",Kebangsaan,KBA5027,SK TAMAN RIA,TAMAN RIA,PADANG SERAI,09400,044850735,044853855
457,KEDAH,"PPD KULIM/BANDAR BARU",Kebangsaan,KBA5028,SK JALAN PAYA BESAR,JALAN PAYA BESAR,LUNAS,09600,044848863,044842625
458,KEDAH,"PPD KULIM/BANDAR BARU",Kebangsaan,KBA5029,SK TAMAN HI-TECH,"JLN KTC 5, KULIM TECHNOCITY, KULIM HI-TECH PARK",KULIM,09000,044037488,044037488
459,KEDAH,"PPD KULIM/BANDAR BARU",Kebangsaan,KBA5030,SK AIR MERAH,TAMAN SERI PETALING,KULIM,09000,044957960,044900366
460,KEDAH,"PPD KULIM/BANDAR BARU",Kebangsaan,KBA5031,SK TAMAN JELUTONG,TAMAN JELUTONG,KULIM,09000,044954444,044915609
461,KEDAH,"PPD KULIM/BANDAR BARU",Kebangsaan,KBA5032,SEKOLAH KEBANGSAAN TAMAN MUTIARA,09700 KARANGAN,KARANGAN,09700,044031598,044031159
462,KEDAH,"PPD KULIM/BANDAR BARU",Kebangsaan,KBA5033,SEKOLAH KEBANGSAAN TAMAN MAHSURI,PADANG SERAI,PADANG SERAI,09400,0194797944,""
463,KEDAH,"PPD KULIM/BANDAR BARU",Kebangsaan,KBB1015,SK PERMATANG PASIR,KAMPUNG PERMATANG PASIR,"BANDAR BAHARU",34950,057171718,057171718
464,KEDAH,"PPD KULIM/BANDAR BARU",Kebangsaan,KBB1016,SK JALAN SELAMA,JALAN  SELAMA,SERDANG,09800,044078230,044078230
465,KEDAH,"PPD KULIM/BANDAR BARU",Kebangsaan,KBB5021,SK ST ANNE'S CONVENT (M),JALAN BUKIT AWI,KULIM,09000,044906119,044906119
466,KEDAH,"PPD KULIM/BANDAR BARU",Kebangsaan,KBB5023,SK TUNKU ABDUL MALIK,KILANG LAMA,KULIM,09000,044907591,044916066
467,KEDAH,"PPD KULIM/BANDAR BARU",Kebangsaan,KCA5001,"SEKOLAH RENDAH ISLAM NURUL HIDAYAH PENGHULU ELANG","LOT 391,KAMPUNG PAYA TOK BETOK,MUKIM SG ULAR",KULIM,09000,044906580,044906580
468,KEDAH,PPD LANGKAWI,Jenis Kebangsaan (C),KBC6017,SJK(C) CHUNG HWA,KUAH,LANGKAWI,07000,049668189,049668189
469,KEDAH,PPD LANGKAWI,Jenis Kebangsaan (C),KBC6018,SJK(C) MIN NAM,KUALA TERIANG,LANGKAWI,07100,049531885,049531886
470,KEDAH,PPD LANGKAWI,Jenis Kebangsaan (T),KBD6019,SJK(T) LADANG SUNGAI RAYA,"JALAN AYER HANGAT, LADANG SUNGAI RAYA",LANGKAWI,07000,049663429,049663429
471,KEDAH,PPD LANGKAWI,Kebangsaan,KBA6001,SK LUBUK CHEMPEDAK,"PULAU TUBA, MUKIM KUAH, LANGKAWI",LANGKAWI,07000,049671758,049671758
472,KEDAH,PPD LANGKAWI,Kebangsaan,KBA6002,SK BAYAS,"KG BAYAS, MUKIM ULU MELAKA",LANGKAWI,07000,049553211,049558536
473,KEDAH,PPD LANGKAWI,Kebangsaan,KBA6003,SK EWA,MUKIM AYER HANGAT,LANGKAWI,07000,049591726,049591726
474,KEDAH,PPD LANGKAWI,Kebangsaan,KBA6004,SK KEDAWANG,MUKIM KEDAWANG,LANGKAWI,07000,049554787,049552804
475,KEDAH,PPD LANGKAWI,Kebangsaan,KBA6006,SK SERI NEGERI,JALAN AYER HANGAT,LANGKAWI,07000,049692030,049692032
476,KEDAH,PPD LANGKAWI,Kebangsaan,KBA6007,SK KUALA TERIANG,"SK.KUALA TERIANG, 07100, LANGKAWI, KEDAH DARUL AMAN",LANGKAWI,07100,049551361,049551361
477,KEDAH,PPD LANGKAWI,Kebangsaan,KBA6008,SK PADANG MATSIRAT,MUKIM PADANG MATSIRAT,LANGKAWI,07100,049553494,049559420
478,KEDAH,PPD LANGKAWI,Kebangsaan,KBA6009,SK PULAU TUBA,PULAU TUBA,LANGKAWI,07000,049661598,049660390
479,KEDAH,PPD LANGKAWI,Kebangsaan,KBA6010,SK SERI LAGENDA,JALAN AYER HANGAT,LANGKAWI,07000,049661634,049661634
480,KEDAH,PPD LANGKAWI,Kebangsaan,KBA6011,SK TEMONYONG,MUKIM KEDAWANG,LANGKAWI,07000,049552019,049552019
481,KEDAH,PPD LANGKAWI,Kebangsaan,KBA6012,SK ULU MELAKA,"MUKIM ULU MELAKA,ULU MELAKA,LANGKAWI.",LANGKAWI,07000,049552336,049552336
482,KEDAH,PPD LANGKAWI,Kebangsaan,KBA6013,SK LANGKAWI,JALAN PERSIARAN PUTRA,LANGKAWI,07000,049692020,049692022
483,KEDAH,PPD LANGKAWI,Kebangsaan,KBA6020,SK SLT BAGAN NYIOR,PULAU DAYANG BUNTING,LANGKAWI,07000,049661858,049661858
484,KEDAH,PPD LANGKAWI,Kebangsaan,KBA6021,SK NYIOR CHABANG,MUKIM BOHOR,LANGKAWI,07000,049555306,049555306
485,KEDAH,PPD LANGKAWI,Kebangsaan,KBA6022,SK KILIM,JALAN AYER HANGAT,LANGKAWI,07000,049592193,049592192
486,KEDAH,PPD LANGKAWI,Kebangsaan,KBA6023,SK SG MENGHULU,JALAN BATU ASAH,LANGKAWI,07000,049693030,049693031
487,KEDAH,PPD LANGKAWI,Kebangsaan,KBE6001,SK PENGHULU AHMAD,JALAN AYER HANGAT,LANGKAWI,07000,049591996,049591996
488,KEDAH,PPD LANGKAWI,Kebangsaan,KBE6005,SK KELIBANG,"JALAN PADANG MATSIRAT ,KUAH",LANGKAWI,07000,049660717,049660717
489,KEDAH,PPD PADANG TERAP,Jenis Kebangsaan (C),KBC7019,SJK(C)  KOU  HUA,PEKAN KUALA NERANG,KUALA NERANG,06300,047866086,047866086
490,KEDAH,PPD PADANG TERAP,Kebangsaan,KBA7001,SK BUKIT TEMBAGA,BUKIT TEMBAGA,KUALA NERANG,06300,6047823881,047823881
491,KEDAH,PPD PADANG TERAP,Kebangsaan,KBA7002,SK KUALA NERANG,KUALA NERANG,KUALA NERANG,06300,047866557,047866557
492,KEDAH,PPD PADANG TERAP,Kebangsaan,KBA7003,SK KURONG HITAM,"KG. KUBANG DAKSA, MUKIM KURONG HITAM",KUALA NERANG,06300,047867769,047867769
493,KEDAH,PPD PADANG TERAP,Kebangsaan,KBA7004,SK TOH PUAN SHARIFAH HANIFAH,SK TOH PUAN SHARIFAH HANIFAH,KUALA NERANG,06300,047822276,047822276
494,KEDAH,PPD PADANG TERAP,Kebangsaan,KBA7005,SK NAKA,"MUKIM TEKAI KANAN, NAKA",ALOR SETAR,06350,047852548,047852548
495,KEDAH,PPD PADANG TERAP,Kebangsaan,KBA7006,SK PANGLIMA AWANG,KUALA NERANG,KUALA NERANG,06300,047869362,047869362
496,KEDAH,PPD PADANG TERAP,Kebangsaan,KBA7007,SK NAMI,"d/a PEJABAT POS FELDA LUBUK MERBAU",LUBUK MERBAU,06710,047510016,047510016
497,KEDAH,PPD PADANG TERAP,Kebangsaan,KBA7008,SK PADANG SANAI,"KM 45, JALAN PADANG SANAI",KUALA NERANG,06300,047864311,047864311
498,KEDAH,PPD PADANG TERAP,Kebangsaan,KBA7009,SK PADANG TERAP,SK PADANG TERAP,"KUALA  NERANG",06300,047860770,047864891
499,KEDAH,PPD PADANG TERAP,Kebangsaan,KBA7010,SK TANDOP BESAR,"JALAN TANDOP BESAR,KUALA NERANG",KUALA NERANG,06300,047868307,047868307
500,KEDAH,PPD PADANG TERAP,Kebangsaan,KBA7011,SK DATIN FATIMAH,"JALAN AMPANGAN PEDU,",KUALA NERANG,06300,047867236,047867236
501,KEDAH,PPD PADANG TERAP,Kebangsaan,KBA7012,SK PEDU,KUALA NERANG,KUALA NERANG,06300,047866948,047866948
502,KEDAH,PPD PADANG TERAP,Kebangsaan,KBA7013,SK KAMPONG BELUKAR,"KAMPONG BELUKAR LUAS, MUKIM TEKAI KIRI, NAKA",ALOR SETAR,06350,047851125,047851125
503,KEDAH,PPD PADANG TERAP,Kebangsaan,KBA7014,SK TUALAK,KM 10 KAMPUNG LABI,KUALA NERANG,06300,047860078,047860078
504,KEDAH,PPD PADANG TERAP,Kebangsaan,KBA7015,SK LUBUK MERBAU,LUBOK MERBAU,PENDANG,06710,047520082,047522652
505,KEDAH,PPD PADANG TERAP,Kebangsaan,KBA7016,SK PERIK,KM 16 JALAN KUALA NERANG JITRA,KUALA NERANG,06300,047410240,047170178
506,KEDAH,PPD PADANG TERAP,Kebangsaan,KBA7018,SK LAMDIN,"KM 3, JALAN NAMI",ALOR STAR,06350,047852527,047852527
507,KEDAH,PPD PADANG TERAP,Kebangsaan,KBA7019,SK KUBANG PALAS,KAMPUNG KUBANG PALAS,KUALA NERANG,06300,047868285,047868285
508,KEDAH,PPD PADANG TERAP,Kebangsaan,KBA7020,SK SERI BAKTI,"BATU 19,JLN. KG.RAMBUTAN,MK.PADANG TEMAK",KUALA NERANG,06300,047170017,7170019
509,KEDAH,PPD PADANG TERAP,Kebangsaan,KBB7016,SK TUNKU ABDUL RAHMAN PUTRA,JALAN KUALA NERANG,KUALA NERANG,06300,047866775,047866775
510,KEDAH,PPD PENDANG,Jenis Kebangsaan (C),KBCA110,SRJK(C) BOON TEIK,TOKAI,ALOR STAR,06660,047642700,047642700
511,KEDAH,PPD PENDANG,Jenis Kebangsaan (C),KBCA114,SJK(C) JUNUN,"BUKIT JENUN, PENDANG, KEDAH.",PENDANG,06720,047596781,047596781
512,KEDAH,PPD PENDANG,Jenis Kebangsaan (C),KBCA134,SRJ(C) YEANG CHENG,SRJ(C) YEANG CHENG,PENDANG,06700,047597984,047597984
513,KEDAH,PPD PENDANG,Jenis Kebangsaan (T),KBDA140,SRJK(T) LADANG BUKIT JENUN,"LADANG BUKIT JENUN,KG KILANG BESAR JENUN",PENDANG,06720,047598529,047598529
514,KEDAH,PPD PENDANG,Kebangsaan,KBA7017,SK SUNGAI SIPUT,"LUBUK MERBAU,",PENDANG,06710,047410616,TIADA
515,KEDAH,PPD PENDANG,Kebangsaan,KBAA004,SK KUBOR PANJANG,KUBOR PANJANG,ALOR SETAR,06760,047846269,047848248
516,KEDAH,PPD PENDANG,Kebangsaan,KBAA005,SK PADANG DURIAN,PADANG DURIAN,PENDANG,06750,044471240,047410144
517,KEDAH,PPD PENDANG,Kebangsaan,KBAA006,SK POKOK ASAM,JALAN SUNGAI TIANG,PENDANG,06750,047846209,047846209
518,KEDAH,PPD PENDANG,Kebangsaan,KBAA035,SK PAYA RAWA,KAMPUNG PAYA RAWA,PENDANG,06700,047413284,TIADA
519,KEDAH,PPD PENDANG,Kebangsaan,KBAA046,SK PENGHULU JUSOH,MUKIM TOBIAR,PENDANG,06700,047847740,047847740
520,KEDAH,PPD PENDANG,Kebangsaan,KBAA048,SK ALOR BESAR,SK ALOR BESAR KOTA SARANG SEMUT,ALOR SETAR,06800,047415502,TIADA
521,KEDAH,PPD PENDANG,Kebangsaan,KBAA050,SK BKT CHORAS,"KM 11 KAMPUNG BUKIT CHORAS, JALAN PENDANG","KOTA SARANG SEMUT",06800,047693933,047693933
522,KEDAH,PPD PENDANG,Kebangsaan,KBAA051,SK BKT RAYA DALAM,"JALAN SEKOLAH, KG. BUKIT RAYA DALAM,",PENDANG,06700,047598970,047598970
523,KEDAH,PPD PENDANG,Kebangsaan,KBAA052,SK HAJI ABDUL RAHMAN,TOKAI,ALOR STAR,06660,047645639,047645639
524,KEDAH,PPD PENDANG,Kebangsaan,KBAA053,SK CHAROK KUDONG,KM 10 JALAN CHAROK KUDONG,PENDANG,06700,047411869,047411869
525,KEDAH,PPD PENDANG,Kebangsaan,KBAA054,SK GUAR KEPAYANG,"KM 24,MUKIM GUAR KEPAYANG",PENDANG,06700,047595299,047595299
526,KEDAH,PPD PENDANG,Kebangsaan,KBAA056,SK KG RAMBAI,SIMPANG EMPAT,ALOR SETAR,06650,047418571,TIADA
527,KEDAH,PPD PENDANG,Kebangsaan,KBAA057,SK KG CHEGAR,JALAN SUNGAI TIANG,PENDANG,06700,047411834,TIADA
528,KEDAH,PPD PENDANG,Kebangsaan,KBAA059,SK PENDANG,"PEKAN PENDANG,",PENDANG,06700,047596228,047596228
529,KEDAH,PPD PENDANG,Kebangsaan,KBAA060,SK. KAMPONG BARU,"KAMPONG BARU,",PENDANG,06750,047541898,047541898
530,KEDAH,PPD PENDANG,Kebangsaan,KBAA062,SK SUNGAI TIANG,SUNGAI TIANG,PENDANG,06750,047541933,047541933
531,KEDAH,PPD PENDANG,Kebangsaan,KBAA063,SK TANAH MERAH,TANAH MERAH,PENDANG,06700,047594506,047592027
532,KEDAH,PPD PENDANG,Kebangsaan,KBAA067,SK AYER PUTEH,PENDANG,PENDANG,06700,047590337,047590337
533,KEDAH,PPD PENDANG,Kebangsaan,KBAA068,SK HJ MOHAMAD ARIFF,"JALAN JENUN,MUKIM AYER PUTIH,",PENDANG,06700,047594629,047594629
534,KEDAH,PPD PENDANG,Kebangsaan,KBAA069,SK BUKIT JENUN,PEKAN BUKIT JENUN,PENDANG,06720,047599448,047599448
535,KEDAH,PPD PENDANG,Kebangsaan,KBAA070,SK BUKIT JAMBUL,"KILOMETER 6 JALAN JENUN OFF JALAN BUKIT JAMBUL",PENDANG,06720,047594373,047594373
536,KEDAH,PPD PENDANG,Kebangsaan,KBAA071,SK BUKIT GENTING,"SK BUKIT GENTING,BUKIT JENUN.",PENDANG,06720,047592801,047592801
537,KEDAH,PPD PENDANG,Kebangsaan,KBAA075,SK KUALA RIMAU,"KG.KUALA RIMAU, MUKIM AYER PUTEH",PENDANG,06720,047414285,047594285
538,KEDAH,PPD PENDANG,Kebangsaan,KBAA076,SK POKOK TAI,"SK POKOK TAI, JALAN JENUN",PENDANG,06720,044681646,044681646
539,KEDAH,PPD PENDANG,Kebangsaan,KBAA077,SK HAJI MAT DAHAN,KAMPONG PAYA KERCHUT,PENDANG,06700,047411763,TIADA
540,KEDAH,PPD PENDANG,Kebangsaan,KBAA078,SK PADANG PUSING,BATU 21 JALAN SUNGAI TIANG,PENDANG,06700,047597119,047597119
541,KEDAH,PPD PENDANG,Kebangsaan,KBAA083,SK BENDANG RAJA,"BENDANG RAJA, KUBUR PANJANG,PENDANG KEDAH.",ALOR SETAR,06760,047849102,047846712
542,KEDAH,PPD PENDANG,Kebangsaan,KBAA158,SK KAMPUNG PULAI TOKAI,"KAMPONG PULAI, TOKAI",ALOR SETAR,06660,047646045,047646045
543,KEDAH,PPD PENDANG,Kebangsaan,KBAA159,SK PAYA MENGKUANG,PADANG LEMBU,GURUN,08330,044471191,TIADA
544,KEDAH,PPD PENDANG,Kebangsaan,KBAA160,SK HUJUNG KETON,"SUNGAI TIANG, MUKIM PADANG KERBAU, PENDANG,",PENDANG,06750,047412396,TIADA
545,KEDAH,PPD PENDANG,Kebangsaan,KBAA161,SK PAYA MAK INSUN,"RTP BUKIT MAK INSUN, ,",PENDANG,06720,047412857,047412857
