BIL,NEGERI,PPD,JENIS SEKOLAH,KOD SEKOLAH,NAMA SEKOLAH,ALAMAT,DAERAH,POSKOD,NO TELEFON,NO FAKS
1,KELANTAN,PPD BACHOK,SM agama,DFT0001,SMU(A) DARUL ULUM ALMUHAMMADIAH (SABK),"KOLAM, PAK BADOL",KOTA BHARU,16400,097538401,097538501
2,KELANTAN,PPD BACHOK,SM agama,DFT0002,SM UGAMA (ARAB) DARUL IMAN,"BERIS LALANG, JELAWAT",BACHOK,16370,097532379,097532380
3,KELANTAN,PPD BACHOK,SM Kebangsaan,DEA0031,SMK BERIS PANCHOR,TAWANG,BACHOK,16320,097767093,097768786
4,KELANTAN,PPD BACHOK,SM Kebangsaan,DEA0032,SMK NIPAH,JALAN  NIPAH,BACHOK,16300,097787304,097788277
5,KELANTAN,PPD BACHOK,SM Kebangsaan,DEA0033,SMK BADAK,"CABANG TIGA MELAWI,",BACHOK,16310,097787411,097787410
6,KELANTAN,PPD BACHOK,SM Kebangsaan,DEA0034,SMK LONG YUNUS,BERIS KUBOR BESAR,BACHOK,16350,"09-7788358",097783303
7,KELANTAN,PPD BACHOK,SM Kebangsaan,DEA0035,SMK PUTERI SAADONG,BUKIT MARAK,KOTA BHARU,16030,097652276,097658317
8,KELANTAN,PPD BACHOK,SM Kebangsaan,DEA0036,SMK JELAWAT,JELAWAT,BACHOK,16370,097787400,097787401
9,KELANTAN,PPD BACHOK,SM Kebangsaan,DEA0037,SMK PAK BADOL,"KG. PAK BADOL,MELOR",KOTA BHARU,16400,097835303,097831028
10,KELANTAN,PPD BACHOK,SM Kebangsaan,DEA0038,SMK SRI GUNUNG,"BUKIT CHENDA,GUNONG,",BACHOK,16390,097825225,097825226
11,KELANTAN,PPD BACHOK,SM Kebangsaan,DEA0039,SMK KANDIS,"KG KANDIS, TELONG",BACHOK,16310,097787298,097787290
12,KELANTAN,PPD BACHOK,SM Kebangsaan,DEA0040,SMK DATO' PERDANA,KAMPUNG TANGOK,BACHOK,16300,097530021,097787754
13,KELANTAN,PPD BACHOK,SM Kebangsaan,DEA0041,SMK KUBANG TELAGA,"JALAN GUNUNG, JELOR",BACHOK,16390,097531629,097531629
14,KELANTAN,PPD BACHOK,SM Kebangsaan,DEA0042,SMK TERATAK PULAI,BACHOK,BACHOK,16370,097825410,097825412
15,KELANTAN,PPD BACHOK,SM Kebangsaan,DEA0043,SMK KUBANG GOLOK,KAMPONG KUBANG GOLOK,BACHOK,16300,097530128,TIADA
16,KELANTAN,PPD BACHOK,SM Kebangsaan,DEE0039,SMK BACHOK,"KG.KEMUDI,BACHOK",BACHOK,16300,097788255,097782581
17,KELANTAN,PPD BACHOK,SM Vokasional,DHA0001,SM VOKASIONAL BACHOK,TANGOK.,BACHOK,16300,097532290,097532294
18,KELANTAN,PPD BACHOK,SMK Agama,DRA0001,SMK(A) TOK BACHOK,TANGOK,BACHOK,16310,097780085,097787241
19,KELANTAN,"PPD GUA MUSANG",SM Kebangsaan,DEA8001,SMK TENGKU INDRA PETRA,JALAN PERSIARAN RAYA,GUA MUSANG,18300,099121663,099121662
20,KELANTAN,"PPD GUA MUSANG",SM Kebangsaan,DEA8002,SMK BANDAR CHIKU,BANDAR CHIKU,GUA MUSANG,18300,099285335,099285300
21,KELANTAN,"PPD GUA MUSANG",SM Kebangsaan,DEA8003,SMK PALOH,RKT PALOH 2,GUA MUSANG,18300,099285179,099287141
22,KELANTAN,"PPD GUA MUSANG",SM Kebangsaan,DEA8004,SMK SUNGAI ASAP,PO BOX 62 SMK SUNGAI ASAP,GUA MUSANG,18300,099121843,099121843
23,KELANTAN,"PPD GUA MUSANG",SM Kebangsaan,DEA8005,SMK TENGKU BENDAHARA,JEREK,GUA MUSANG,18300,099171212,099171211
24,KELANTAN,"PPD GUA MUSANG",SM Kebangsaan,DEA8006,SMK TENGKU INDRA PETRA 2,JALAN PULAI LAMA,GUA MUSANG,18300,099124022,099126136
25,KELANTAN,"PPD GUA MUSANG",SM Kebangsaan,DEA8007,SMK CHIKU 2,FELDA CHIKU 1,GUA MUSANG,18300,099284222,099284221
26,KELANTAN,"PPD GUA MUSANG",SM Kebangsaan,DEA8008,SMK SRI WANGI,"TANAH PUTIH, JALAN MERAPOH",GUA MUSANG,18300,099120430,099120431
27,KELANTAN,PPD JELI,"SM Berasrama Penuh",DEA9006,SEKOLAH MENENGAH SAINS JELI,"",JELI,17600,"6099448200",099448202
28,KELANTAN,PPD JELI,SM Kebangsaan,DEA9001,SMK AYER LANAS,KM40 JALAN JELI TANAH MERAH,JELI,17700,099468234,099468754
29,KELANTAN,PPD JELI,SM Kebangsaan,DEA9002,SMK JELI,JALAN HOSPITAL,JELI,17600,099440224,099440244
30,KELANTAN,PPD JELI,SM Kebangsaan,DEA9003,SMK KUALA BALAH,"KM 35 KG  TG  ABDUL RAHMAN JLN JELI-DABONG",KUALA BALAH,17610,099361044,099362157
31,KELANTAN,PPD JELI,SM Kebangsaan,DEA9004,SMK BATU MELINTANG,KG BATU MELINTANG,JELI,17600,099447281,099447282
32,KELANTAN,PPD JELI,SM Kebangsaan,DEA9005,SEKOLAH MENENGAH KEBANGSAAN JELI 2,"KG. SETING, JALAN JELI DABONG,",KUALA BALAH,17610,099360022,099360023
33,KELANTAN,"PPD KOTA BHARU",Kolej,DHA1001,KOLEJ VOKASIONAL PENGKALAN CHEPA,"DEPAN PUSAT SUMBER PENGKALAN CHEPA KELANTAN.",KOTA BHARU,16100,097738382,"09 -7736112"
34,KELANTAN,"PPD KOTA BHARU",SM agama,DFT1001,SEK.MEN. AGAMA TENGKU AMALIN A'ISHAH PUTRI,"LOT 1941,KG CHEMPAKA,PANJI",KOTA BHARU,16100,097714739,097714730
35,KELANTAN,"PPD KOTA BHARU",SM agama,DFT1002,SM UGAMA (ARAB) AL-YUNUSIAH,KAMPUNG PANJANG BANGGU,KOTA BHARU,16150,"09-7666430",09-7666433
36,KELANTAN,"PPD KOTA BHARU",SM agama,DFT1003,SMU(A) AL-KAUTHAR,PERINGAT,KOTA BHARU,16400,097123170,097123172
37,KELANTAN,"PPD KOTA BHARU","SM Berasrama Penuh",DEE1415,SM (SAINS) TENGKU MUHAMMAD FARIS PETRA,"PENGKALAN CHEPA, 16100 KOTA BHARU",KOTA BHARU,16100,097738277,097739139
38,KELANTAN,"PPD KOTA BHARU",SM Kebangsaan,DEA1122,SMK KEDAI BULOH,"JALAN KUALA BESAR,KEDAI BULOH",KOTA BHARU,15350,097741904,097745944
39,KELANTAN,"PPD KOTA BHARU",SM Kebangsaan,DEA1123,SMK ISMAIL PETRA (INTEG),"KOMPLEKS SEKOLAH-SEKOLAH WAKAF MEK ZAINAB",KOTA BHARU,15300,097481848,097479936
40,KELANTAN,"PPD KOTA BHARU",SM Kebangsaan,DEA1124,SMK KADOK,KM 16 JALAN KUALA KRAI,KOTA BHARU,16450,097123071,097123072
41,KELANTAN,"PPD KOTA BHARU",SM Kebangsaan,DEA1125,SMK RAJA SAKTI,KOTA JEMBAL,KOTA BHARU,16150,097652359,09 7667360
42,KELANTAN,"PPD KOTA BHARU",SM Kebangsaan,DEA1126,SMK DATO' AHMAD MAHER,JALAN LONG YUNUS,KOTA BHARU,15200,097418250,097418262
43,KELANTAN,"PPD KOTA BHARU",SM Kebangsaan,DEA1128,SMK LONG GAFAR,KUBANG KERANJI,KOTA BHARU,16150,097652837,097656951
44,KELANTAN,"PPD KOTA BHARU",SM Kebangsaan,DEA1129,SMK KUBANG KERIAN,JALAN RAJA PEREMPUAN ZAINAB II,KOTA BHARU,16150,"09-7652046",09-7654046
45,KELANTAN,"PPD KOTA BHARU",SM Kebangsaan,DEA1131,SMK MULONG,KEDAI MULONG,KOTA BHARU,16010,097126232,097123051
46,KELANTAN,"PPD KOTA BHARU",SM Kebangsaan,DEA1132,SMK PANGKAL KALONG,JALAN KG PANGKAL KALONG,KOTA BHARU,16450,097532105,097888773
47,KELANTAN,"PPD KOTA BHARU",SM Kebangsaan,DEA1134,SMK PUTERA,"KOMPLEKS SEKOLAH-SEKOLAH, WAKAF MEK ZAINAB",KOTA BHARU,15300,097481946,097418456
48,KELANTAN,"PPD KOTA BHARU",SM Kebangsaan,DEA1135,SMK PUTERI,"KOMPLEKS SEKOLAH-SEKOLAH, WAKAF MEK ZAINAB",KOTA BHARU,15300,097419712,097419713
49,KELANTAN,"PPD KOTA BHARU",SM Kebangsaan,DEA1136,SMK SALOR,JALAN SALOR,KOTA BHARU,15100,097011360,097141011
50,KELANTAN,"PPD KOTA BHARU",SM Kebangsaan,DEA1137,SMK PANJI,JLN R.PEREMPUAN ZAINAB II,KOTA BHARU,16100,097737161,097747813
51,KELANTAN,"PPD KOTA BHARU",SM Kebangsaan,DEA1138,SMK DEWAN BETA,JALAN KEMUBU DEWAN BETA,KOTA BHARU,15100,097964196,097964198
52,KELANTAN,"PPD KOTA BHARU",SM Kebangsaan,DEA1139,SMK PINTU GENG,KAMPUNG PINTU GENG,KOTA BHARU,15100,097444058,097461079
53,KELANTAN,"PPD KOTA BHARU",SM Kebangsaan,DEA1140,SMK KEMUMIN,JALAN RAJA PEREMPUAN ZAINAB II,KOTA BHARU,16100,097713912,097713910
54,KELANTAN,"PPD KOTA BHARU",SM Kebangsaan,DEA1141,SMK KUBANG KERIAN 2,KAMPUNG CHICA,KOTA BHARU,16150,097654726,097647591
55,KELANTAN,"PPD KOTA BHARU",SM Kebangsaan,DEA1142,SMK KOK LANAS,"KM 27, 16450 KETEREH, KELANTAN.",KOTA BHARU,16450,097880430,097884393
56,KELANTAN,"PPD KOTA BHARU",SM Kebangsaan,DEA1143,SMK TANJUNG MAS,"TAMAN UDA MURNI, JLN PKLN CHEPA",KOTA BHARU,15400,097713962,097713960
57,KELANTAN,"PPD KOTA BHARU",SM Kebangsaan,DEA1144,SMK ZAINAB 2,JALAN MERBAU,KOTA BHARU,15300,097486178,097485178
58,KELANTAN,"PPD KOTA BHARU",SM Kebangsaan,DEA1145,SMK PENAMBANG,JALAN PANTAI CAHAYA BULAN,KOTA BHARU,15350,097479757,097418755
59,KELANTAN,"PPD KOTA BHARU",SM Kebangsaan,DEA1146,SMK PENGKALAN CHEPA 2,"JLN MAKTAB PERGURUAN KOTA BHARU, PENGKALAN CHEPA",KOTA BHARU,16100,097747043,097742093
60,KELANTAN,"PPD KOTA BHARU",SM Kebangsaan,DEA1147,SMK SERING,JALAN RAJA SAKTI OFF JALAN RAJA BAHAR,KOTA BHARU,16150,097642424,097642323
61,KELANTAN,"PPD KOTA BHARU",SM Kebangsaan,DEA1148,SMK KG CHENGAL,JALAN KUALA KRAI,KOTA BHARU,16450,097532472,097532478
62,KELANTAN,"PPD KOTA BHARU",SM Kebangsaan,DEA1149,SMK TANJONG CHAT,JALAN TENGKU AHMAD PANGLIMA,KOTA BHARU,15300,097430626,097430627
63,KELANTAN,"PPD KOTA BHARU",SM Kebangsaan,DEA1150,SMK PADANG KALA,MELOR,KOTA BHARU,16400,"09-7831143",09-7831153
64,KELANTAN,"PPD KOTA BHARU",SM Kebangsaan,DEA1151,SMK PADANG ENGGANG,JALAN PASIR HOR,KOTA BHARU,15100,097432968,097432948
65,KELANTAN,"PPD KOTA BHARU",SM Kebangsaan,DEA1152,SMK BADANG,JALAN TANJONG BARU,KOTA BHARU,15350,097713320,09-7713322
66,KELANTAN,"PPD KOTA BHARU",SM Kebangsaan,DEA1153,SMK KUBANG KERIAN 3,"KAMPUNG DEMIT, JALAN HUSM",KOTA BHARU,16150,097654030,097650226
67,KELANTAN,"PPD KOTA BHARU",SM Kebangsaan,DEA1154,SMK LONG GHAFAR 2,"JLN PASIR PUTEH,",KOTA BHARU,16150,097643781,097643776
68,KELANTAN,"PPD KOTA BHARU",SM Kebangsaan,DEA1155,SMK PANCHOR PERDANA,JALAN PANJI,KOTA BHARU,16100,097714550,097714551
69,KELANTAN,"PPD KOTA BHARU",SM Kebangsaan,DEB1137,MAKTAB SULTAN ISMAIL,"JALAN TELIPOT, BELAKANG SMK SULTAN ISMAIL,",KOTA BHARU,15150,097418772,097482161
70,KELANTAN,"PPD KOTA BHARU",SM Kebangsaan,DEB1138,SMJK CHUNG CHENG (CF),JALAN KELOCOR,KOTA BHARU,15300,097481716,097480082
71,KELANTAN,"PPD KOTA BHARU",SM Kebangsaan,DEB1139,SMJK CHUNG HWA (CF),JALAN ATAS BANGGOL,KOTA BHARU,15300,097442086,097473495
72,KELANTAN,"PPD KOTA BHARU",SM Kebangsaan,DEB1142,SMK ZAINAB (1),JALAN TELIPOT,KOTA BHARU,15150,097418643,097418645
73,KELANTAN,"PPD KOTA BHARU",SM Kebangsaan,DEE1126,SMK KETEREH,KM 21 JALAN KUALA KRAI,KOTA BHARU,16450,097886875,097883915
74,KELANTAN,"PPD KOTA BHARU",SM Kebangsaan,DEE1127,SMK KOTA,"JALAN SALOR, SEBELAH RTM KELANTAN, WAKAF CHE YEH",KOTA BHARU,15100,097483312,097461228
75,KELANTAN,"PPD KOTA BHARU",SM Kebangsaan,DEE1130,SMK MELOR,"HADAPAN PETRONAS KG MELOR JLN PASIR PUTEH",KOTA BHARU,16400,097835320,09 7835906
76,KELANTAN,"PPD KOTA BHARU",SM Kebangsaan,DEE1133,SMK PENGKALAN CHEPA,JALAN MAKTAB,KOTA BHARU,16100,097713840,097713848
77,KELANTAN,"PPD KOTA BHARU",SM Kebangsaan,DEE1140,SMK KOTA BHARU,KOMPLEKS WAKAF MEK ZAINAB,KOTA BHARU,15300,097482320,097462753
78,KELANTAN,"PPD KOTA BHARU",SM Kebangsaan,DEE1141,SMK SULTAN ISMAIL,JALAN TELIPOT,KOTA BHARU,15150,097481245,097473708
79,KELANTAN,"PPD KOTA BHARU",SMK Agama,DRA1009,SMKA MELOR,"PADANG RAJA, MELOR",KOTA BHARU,16400,097825100,097825102
80,KELANTAN,"PPD KOTA BHARU",SMK Agama,DRA1010,SMKA NAIM LIL-BANAT,JALAN SULTAN YAHYA PETRA,KOTA BHARU,15150,097482752,097473029
81,KELANTAN,"PPD KUALA KRAI",Kolej,DHA7002,KOLEJ VOKASIONAL KUALA KRAI,"KM2, LEBUH RAYA KUALA KRAI / GUA MUSANG",KUALA KRAI,18000,099602400,099669677
82,KELANTAN,"PPD KUALA KRAI",SM agama,DFT7001,SMU(A) DARUS SALAM,SG PERIA,KUALA KRAI,18000,099340231,099340232
83,KELANTAN,"PPD KUALA KRAI",SM agama,DFT7002,SMU(A) SAADATUL QURA,P.O.BOX 2,KUALA KRAI,18000,"0177704246",TIADA
84,KELANTAN,"PPD KUALA KRAI",SM Kebangsaan,DEA7405,SMK KEROH,"KG KEROH,",KUALA KRAI,18000,099609227,099609178
85,KELANTAN,"PPD KUALA KRAI",SM Kebangsaan,DEA7407,SMK KUALA KRAI,KUALA KRAI KELANTAN,KUALA KRAI,18000,099602291,099602292
86,KELANTAN,"PPD KUALA KRAI",SM Kebangsaan,DEA7408,SMK MANEK URAI,KG MANEK URAI,KUALA KRAI,18050,099668932,099668932
87,KELANTAN,"PPD KUALA KRAI",SM Kebangsaan,DEA7418,SMK DABONG,KAMPUNG DABONG,DABONG,18200,099607927,099607087
88,KELANTAN,"PPD KUALA KRAI",SM Kebangsaan,DEA7419,SMK PAHI,"KM9,LEBUHRAYA KUALA KRAI-GUA MUSANG",KUALA KRAI,18000,099609600,099609648
89,KELANTAN,"PPD KUALA KRAI",SM Kebangsaan,DEA7420,SMK LALOH,KAMPUNG LALOH,KUALA KRAI,18000,099668221,099604184
90,KELANTAN,"PPD KUALA KRAI",SM Kebangsaan,DEA7421,SMK MENGKEBANG,"PETI SURAT 32 SEK.MEN KEB MENGKEBANG",KUALA KRAI,18000,099609328,099609063
91,KELANTAN,"PPD KUALA KRAI",SM Kebangsaan,DEA7422,SMK SULTAN YAHYA PETRA 2,JALAN REST HOUSE,KUALA KRAI,18000,099662201,099606361
92,KELANTAN,"PPD KUALA KRAI",SM Kebangsaan,DEA7423,SMK BANDAR KUALA KRAI,TAMAN GUCHIL JAYA,KUALA KRAI,18000,099607390,099607308
93,KELANTAN,"PPD KUALA KRAI",SM Kebangsaan,DEE7409,SMK SULTAN YAHYA PETRA 1,JALAN KEM,KUALA KRAI,18000,099666077,099667853
94,KELANTAN,PPD MACHANG,"SM Berasrama Penuh",DEA2191,SM (SAINS) MACHANG,LABOK,MACHANG,18500,097878455,097878830
95,KELANTAN,PPD MACHANG,SM Kebangsaan,DEA2187,SMK PANGKAL MELERET,"JALAN LAMA TANAH MERAH, CHEKOK TOK CHUBA",MACHANG,18500,099774648,099765364
96,KELANTAN,PPD MACHANG,SM Kebangsaan,DEA2188,SMK SERI INTAN,"BATU 32 , KAMPUNG PEK, JALAN KUALA KRAI",MACHANG,18500,099770179,099770189
97,KELANTAN,PPD MACHANG,SM Kebangsaan,DEA2189,SMK MACHANG,SEBELAH IPD MACHANG.,MACHANG,18500,099751235,099754407
98,KELANTAN,PPD MACHANG,SM Kebangsaan,DEA2190,SMK ABDUL SAMAD,JLN. KOTA BHARU-KUALA KRAI,"PULAI CHONDONG",16600,097878373,097871373
99,KELANTAN,PPD MACHANG,SM Kebangsaan,DEA2192,SMK TEMANGAN,JALAN DEPAN BALAI POLIS TEMANGAN,TEMANGAN,18400,099755216,099755216
100,KELANTAN,PPD MACHANG,SM Kebangsaan,DEA2193,SMK HAMZAH (2),JLN PASIR PUTEH,MACHANG,18500,099754010,099754010
101,KELANTAN,PPD MACHANG,SM Kebangsaan,DEA2194,SMK BANDAR MACHANG,JLN T/MERAH-MACHANG,MACHANG,18500,099753601,099753266
102,KELANTAN,PPD MACHANG,SM Kebangsaan,DEE2191,SMK HAMZAH,JALAN BAHAGIA,MACHANG,18500,099751300,"6099756184"
103,KELANTAN,PPD MACHANG,SMK Agama,DRA2001,SMKA WATANIAH,JALAN TANAH MERAH LAMA,MACHANG,18500,099751944,099752944
104,KELANTAN,PPD PASIR MAS,Kolej,DHA3002,KOLEJ VOKASIONAL PASIR MAS,JALAN TENDONG-BUNUT SUSU,PASIR MAS,17020,097198622,097197299
105,KELANTAN,PPD PASIR MAS,SM agama,DFT3001,SMU(A)AL-FALAH SIRAM,"KG SIRAM, ALOR PASIR",PASIR MAS,17000,097978444,097978445
106,KELANTAN,PPD PASIR MAS,SM agama,DFT3002,SM UGAMA (ARAB) AL-ULUM,"PADANG EMBUN, TENDONG,",PASIR MAS,17030,097195933,097193985
107,KELANTAN,PPD PASIR MAS,SM agama,DFT3003,SM UGAMA (ARAB) AL-BALAGHUL MUBIN,"KAMPUNG RONG CHENOK, CHETOK",PASIR MAS,17060,097964010,TIADA
108,KELANTAN,PPD PASIR MAS,SM agama,DFT3004,SMU(A) DINIAH,KG. BONGOR,PASIR MAS,17000,097964218,097964219
109,KELANTAN,PPD PASIR MAS,SM agama,DFT3005,SMU(A)MARDZIAH JABO,KG  CHETOK,PASIR MAS,17060,"0199338040",TIADA
110,KELANTAN,PPD PASIR MAS,SM Kebangsaan,DEA3238,SMK CHETOK,KG. CHEKOK,PASIR MAS,17060,097941743,097941733
111,KELANTAN,PPD PASIR MAS,SM Kebangsaan,DEA3239,SMK BUNUT SUSU,KG. BUNUT SUSU,PASIR MAS,17020,"0177991455",097198522
112,KELANTAN,PPD PASIR MAS,SM Kebangsaan,DEA3240,SMK KANGKONG,SEK.MEN.KEB.KANGKONG,PASIR MAS,17040,097962330,097941149
113,KELANTAN,PPD PASIR MAS,SM Kebangsaan,DEA3241,SMK TENGKU PANGLIMA RAJA,"KM2, JALAN PASAR MAS",PASIR MAS,17000,097922440,097913854
114,KELANTAN,PPD PASIR MAS,SM Kebangsaan,DEA3242,SMK MERANTI,KG MERANTI,PASIR MAS,17010,097976327,097976327
115,KELANTAN,PPD PASIR MAS,SM Kebangsaan,DEA3243,SMK (P) PASIR MAS,JLN MASJID PASIR MAS,PASIR MAS,17000,097909095,097922528
116,KELANTAN,PPD PASIR MAS,SM Kebangsaan,DEA3245,SMK TENDONG,TENDONG,PASIR MAS,17030,097198429,097191449
117,KELANTAN,PPD PASIR MAS,SM Kebangsaan,DEA3246,SMK TO' UBAN,TO' UBAN,PASIR MAS,17050,097982117,097983117
118,KELANTAN,PPD PASIR MAS,SM Kebangsaan,DEA3422,SMK TIANG CHANDI,KG.REPEK,PASIR MAS,17070,097907586,097907680
119,KELANTAN,PPD PASIR MAS,SM Kebangsaan,DEA3425,SMK SULTAN IBRAHIM (2),JALAN HOSPITAL,PASIR MAS,17000,097909311,097906380
120,KELANTAN,PPD PASIR MAS,SM Kebangsaan,DEA3426,SMK GUAL PERIOK,GUAL PERIOK,"RANTAU PANJANG",17200,097963752,097964408
121,KELANTAN,PPD PASIR MAS,SM Kebangsaan,DEA3427,SMK KEDONDONG,KG. KEDONDONG,PASIR MAS,17010,097964013,097964014
122,KELANTAN,PPD PASIR MAS,SM Kebangsaan,DEA3428,SMK KUBANG BEMBAN,KM2 JLN MERANTI,PASIR MAS,17000,097922650,097922656
123,KELANTAN,PPD PASIR MAS,SM Kebangsaan,DEA3429,SMK BAROH PIAL,KG. BUKIT TANDAK,"RANTAU PANJANG",17200,097963611,097964117
124,KELANTAN,PPD PASIR MAS,SM Kebangsaan,DEA3430,SMK KAMPUNG DANGAR,KAMPUNG KUBANG BADAK,PASIR MAS,17000,097900817,097900806
125,KELANTAN,PPD PASIR MAS,SM Kebangsaan,DEA3431,SMK JIAS,JALAN PASIR MAS,PASIR MAS,17030,097900326,097900325
126,KELANTAN,PPD PASIR MAS,SM Kebangsaan,DEE3244,SMK RANTAU PANJANG,PEKAN RANTAU PANJANG,"RANTAU PANJANG",17200,097950450,097951819
127,KELANTAN,PPD PASIR MAS,SM Kebangsaan,DEE3247,SMK SULTAN IBRAHIM (1),"JALAN MERANTI,  PASIR MAS",PASIR MAS,17000,097909214,097905786
128,KELANTAN,PPD PASIR MAS,SMK Agama,DRA3001,SMK (A) LATI,JALAN HOSPITAL LATI,PASIR MAS,17000,097902944,097922001
129,KELANTAN,"PPD PASIR PUTIH",SM agama,DFT4001,SMU(A) NURUL ITTIFAK,KAMPUNG NERING,PASIR PUTEH,16800,097521718,097521719
130,KELANTAN,"PPD PASIR PUTIH",SM agama,DFT4002,SMU(A) TARBIAH ISLAMIAH,"KAMPUNG LEPAH, SELISING",PASIR PUTEH,16810,097535553,097831150
131,KELANTAN,"PPD PASIR PUTIH",SM agama,DFT4003,SMU(A) ITTIFAKIAH,KAMPUNG TELOSAN,PASIR PUTEH,16800,097520024,097520025
132,KELANTAN,"PPD PASIR PUTIH","SM Berasrama Penuh",DEA4296,SM SAINS PASIR PUTEH,JALAN JERAM PASU,PASIR PUTEH,16800,097860031,097867315
133,KELANTAN,"PPD PASIR PUTIH",SM Kebangsaan,DEA4286,SMK BUKIT JAWA,"SELISING , PASIR PUTEH",PASIR PUTEH,16810,097891212,097892363
134,KELANTAN,"PPD PASIR PUTIH",SM Kebangsaan,DEA4287,SMK TOK JANGGUT,JALAN PASIR PUTEH - KOTA BHARU,PASIR PUTEH,16800,097866334,"6097860368"
135,KELANTAN,"PPD PASIR PUTIH",SM Kebangsaan,DEA4288,SMK(A) DATO' ISMAIL,"JALAN LAPANGAN TERBANG TUDM,GONG KEDAK",PASIR PUTEH,16800,097520740,097520742
136,KELANTAN,"PPD PASIR PUTIH",SM Kebangsaan,DEA4291,SMK GAAL,JALAN JERTEH,PASIR PUTEH,16800,097855780,097855781
137,KELANTAN,"PPD PASIR PUTIH",SM Kebangsaan,DEA4292,SMK JERAM,JLN PASIR PUTEH-MACHANG,PASIR PUTEH,16800,099754878,099754878
138,KELANTAN,"PPD PASIR PUTIH",SM Kebangsaan,DEA4293,SMK SRI MAHARAJA,"BUKIT ABAL,  SELISING,",PASIR PUTEH,16810,097522241,097521364
139,KELANTAN,"PPD PASIR PUTIH",SM Kebangsaan,DEA4294,SMK CHERANG RUKU,JALAN PASIR PUTEH-BESUT,PASIR PUTEH,16700,096912275,096912660
140,KELANTAN,"PPD PASIR PUTIH",SM Kebangsaan,DEA4295,SMK PADANG PAK AMAT,KG PADANG PAK AMAT,PASIR PUTEH,16800,097520017,097520026
141,KELANTAN,"PPD PASIR PUTIH",SM Kebangsaan,DEA4297,SMK SERI AMAN,JALAN TAMAN KOBENA,PASIR PUTEH,16800,097855200,097855201
142,KELANTAN,"PPD PASIR PUTIH",SM Kebangsaan,DEA4298,SMK SELISING,SELISING,PASIR PUTEH,16810,097530046,097530057
143,KELANTAN,"PPD PASIR PUTIH",SM Kebangsaan,DEA4299,SMK SUNGAI PETAI,JALAN SEMERAK,PASIR PUTEH,16800,097520059,097520060
144,KELANTAN,"PPD PASIR PUTIH",SM Kebangsaan,DEE4289,SMK KAMIL,PASIR PUTEH,PASIR PUTEH,16800,097855300,097855302
145,KELANTAN,"PPD TANAH MERAH",Kolej,DHA5002,KOLEJ VOKASIONAL TANAH MERAH,JALAN MACHANG,TANAH MERAH,17500,099502250,099502252
146,KELANTAN,"PPD TANAH MERAH",SM agama,DFT5001,SMU (ARAB) AL-FITRAH,KAMPUNG PASIR SAT,TANAH MERAH,17500,099770161,099770336
147,KELANTAN,"PPD TANAH MERAH",SM agama,DFT5002,SMU (ARAB) DARUL ULUM,KAMPUNG JEDOK,TANAH MERAH,17510,099582179,099582179
148,KELANTAN,"PPD TANAH MERAH",SM agama,DFT5003,SMU (ARAB) TARBIAH ISLAMIAH,"KG. KUALA KAJANG, LALANG PEPUYU",TANAH MERAH,17510,"0139378300",097952741
149,KELANTAN,"PPD TANAH MERAH",SM agama,DFT5004,SMU (ARAB) ARABIAH,"KG. TERNANG, GUAL IPOH,",TANAH MERAH,17500,099570143,099570144
150,KELANTAN,"PPD TANAH MERAH",SM Kebangsaan,DEA5325,SMK IPOH,"KM 20, JALAN GUAL IPOH, KG. GUAL IPOH",TANAH MERAH,17500,099502941,099502942
151,KELANTAN,"PPD TANAH MERAH",SM Kebangsaan,DEA5416,SMK TAN SRI MOHAMED YAACOB,"KM 21, JALAN JEDOK, KG. BATU GAJAH",TANAH MERAH,17510,099581373,099582636
152,KELANTAN,"PPD TANAH MERAH",SM Kebangsaan,DEA5417,SMK TANAH MERAH (1),JALAN ISMAIL PETRA,TANAH MERAH,17500,099556167,099553551
153,KELANTAN,"PPD TANAH MERAH",SM Kebangsaan,DEA5418,SMK LADANG KERILLA,WAKIL POS LADANG KERILLA,TANAH MERAH,17500,099774594,099774595
154,KELANTAN,"PPD TANAH MERAH",SM Kebangsaan,DEA5419,SMK ALOR PASIR,KG. BUKIT MAS,TANAH MERAH,17500,099775210,TIADA
155,KELANTAN,"PPD TANAH MERAH",SM Kebangsaan,DEA5420,SMK KEMAHANG,FELDA KEMAHANG 1,TANAH MERAH,17510,099581092,099581096
156,KELANTAN,"PPD TANAH MERAH",SM Kebangsaan,DEA5421,SMK TANAH MERAH (2),KM 2 JALAN ISMAIL PETRA,TANAH MERAH,17500,099558701,099555125
157,KELANTAN,"PPD TANAH MERAH",SM Kebangsaan,DEA5422,SMK BUKIT BUNGA,PEKAN BUKIT BUNGA,TANAH MERAH,17500,099467991,099467991
158,KELANTAN,"PPD TANAH MERAH",SM Kebangsaan,DEA5423,SMK DATO' MAHMUD PADUKA RAJA (2),JALAN MACHANG,TANAH MERAH,17500,099552987,099553897
159,KELANTAN,"PPD TANAH MERAH",SM Kebangsaan,DEA5424,SMK BELIMBING,KM 8 JALAN PASIR MAS,TANAH MERAH,17500,099555403,099555339
160,KELANTAN,"PPD TANAH MERAH",SM Kebangsaan,DEE5324,SMK DATO' MAHMUD PADUKA RAJA (1),JALAN KLINIK,TANAH MERAH,17500,099503300,099503303
161,KELANTAN,PPD TUMPAT,SM agama,DFT6001,SM UGAMA (ARAB) MARDZIAH,"JALAN LAMBOR, KG KUBANG BATANG, WAKAF BHARU",TUMPAT,16250,097185544,097185540
162,KELANTAN,PPD TUMPAT,SM agama,DFT6002,SMU(A) NURUL HUDA KAJANG SEBIDANG,KAJANG SEBIDANG,TUMPAT,16200,097964108,097964109
163,KELANTAN,PPD TUMPAT,SM Kebangsaan,DEA6357,SMK CHABANG EMPAT,KG. CHABANG EMPAT,TUMPAT,16210,097190615,097195689
164,KELANTAN,PPD TUMPAT,SM Kebangsaan,DEA6358,SMK DATO BIJI WANGSA,KOMPLEKS SEKOLAH TUMPAT,TUMPAT,16200,097257280,097253755
165,KELANTAN,PPD TUMPAT,SM Kebangsaan,DEA6359,SMK KAMPONG LAUT,"KG. LAUT, PALEKBANG",TUMPAT,16040,097196217,097255217
166,KELANTAN,PPD TUMPAT,SM Kebangsaan,DEA6360,SMK MAHMUD MAHYIDIN,"PASIR PEKAN,",WAKAF BHARU,16250,097196864,097195085
167,KELANTAN,PPD TUMPAT,SM Kebangsaan,DEA6361,SMK SUNGAI PINANG,PALEKBANG,TUMPAT,16040,097254395,097254395
168,KELANTAN,PPD TUMPAT,SM Kebangsaan,DEA6362,SMK WAKAF BHARU,WAKAF BHARU,WAKAF BHARU,16250,097196168,097182168
169,KELANTAN,PPD TUMPAT,SM Kebangsaan,DEA6363,SMK GETING,PENGKALAN KUBOR,"PENGKALAN KUBOR",16080,097211169,097215473
170,KELANTAN,PPD TUMPAT,SM Kebangsaan,DEA6364,SMK BERANGAN,KG BUNUT SARANG BURUNG,TUMPAT,16200,097252257,097252201
171,KELANTAN,PPD TUMPAT,SM Kebangsaan,DEA6365,SMK KUTAN,WAKAF BHARU,TUMPAT,16250,"09-7181037",09-7195024
172,KELANTAN,PPD TUMPAT,SM Kebangsaan,DEE6362,SMK TUMPAT,"KOMPLEKS SEKOLAH-SEKOLAH KELABORAN, JLN. KELABORAN",TUMPAT,16200,097257251,097254685
173,KELANTAN,PPD TUMPAT,SMK Agama,DRA6001,SMK(A) FALAHIAH,"PASIR PEKAN,  WAKAF BHARU",WAKAF BHARU,16250,097196746,097194686
