BIL,NEGERI,PPD,JENIS SEKOLAH,KOD SEKOLAH,NAMA SEKOLAH,ALAMAT,DAERAH,POSKOD,NO TELEFON,NO FAKS
1,MELAKA,PPD ALOR GAJAH,Kolej,MHA0001,KOLEJ VOKASIONAL DATUK SERI MOHD. ZIN,JALAN  PENGKALAN,ALOR GAJAH,78000,06-5561200,06-5568996
2,MELAKA,PPD ALOR GAJAH,SM agama,MFT0001,SM AGAMA AL-EHYA AL-KARIM,"JALAN SEKOLAH, KM 36 KAMPUNG TANJUNG BIDARA",MASJID TANAH,78300,063852022,063853732
3,MELAKA,PPD ALOR GAJAH,SM agama,MFT0002,SMA JAIM AL-ASYRAF,"BUKIT MERCHAT, JLN TANJUNG RIMAU LUAR",ALOR GAJAH,78000,065549022,065549022
4,MELAKA,PPD ALOR GAJAH,SM agama,MFT0003,SM ARAB (JAIM) DARUL FALAH,"KM 43, KUALA SUNGAI BARU",MASJID TANAH,78200,063877422,063877422
5,MELAKA,PPD ALOR GAJAH,SM Kebangsaan,MEA0071,SMK GHAFAR BABA,MASJID TANAH,MASJID TANAH,78300,06-3841257,063843253
6,MELAKA,PPD ALOR GAJAH,SM Kebangsaan,MEA0072,SMK DATO' HAJI TALIB KARIM,SERAHAN TINGKAP 2080,ALOR GAJAH,78000,065561285,065591285
7,MELAKA,PPD ALOR GAJAH,SM Kebangsaan,MEA0073,SMK  RAHMAT,KUALA SUNGAI BARU,"KUALA SUNGAI BARU",78200,063876214,063879550
8,MELAKA,PPD ALOR GAJAH,SM Kebangsaan,MEA0074,SMK  ADE PUTRA,MASJID TANAH,MASJID TANAH,78300,063841200,063844085
9,MELAKA,PPD ALOR GAJAH,SM Kebangsaan,MEA0075,SMK NANING,ALOR GAJAH,Alor Gajah,78000,06-5529275,06-5529275
10,MELAKA,PPD ALOR GAJAH,SM Kebangsaan,MEA0095,SMK LUBOK CHINA,LUBOK CHINA,LUBOK CHINA,78100,066966375,066966372
11,MELAKA,PPD ALOR GAJAH,SM Kebangsaan,MEA0099,SMK  HANG KASTURI,MASJID TANAH,MASJID TANAH,78300,063841388,063846421
12,MELAKA,PPD ALOR GAJAH,SM Kebangsaan,MEA0100,SMK SUNGAI UDANG,SUNGAI UDANG,SUNGAI UDANG,76300,063512132,063510152
13,MELAKA,PPD ALOR GAJAH,SM Kebangsaan,MEA0101,SMK DURIAN TUNGGAL,"JLN BUKIT BALAI,  DURIAN TUNGGAL",ALOR GAJAH,76100,065531269,065534755
14,MELAKA,PPD ALOR GAJAH,SM Kebangsaan,MEA0102,SMK TEBONG,JALAN TEBONG,ALOR GAJAH,76460,064486587,064486587
15,MELAKA,PPD ALOR GAJAH,SM Kebangsaan,MEB0077,SMK SERI PENGKALAN,ALOR GAJAH,ALOR GAJAH,78000,065561268,065568241
16,MELAKA,PPD ALOR GAJAH,SM Kebangsaan,MEB0078,SMK PULAU SEBANG,PULAU SEBANG,TAMPIN POS,73000,06-4411346,06-4419187
17,MELAKA,PPD ALOR GAJAH,SM Kebangsaan,MEB0079,SMK SULTAN ALAUDDIN,MASJID TANAH,MASJID TANAH,78300,06-3841249,06-3841249
18,MELAKA,PPD ALOR GAJAH,SM Kebangsaan,MEE0074,SMK  SULTAN  MANSOR  SHAH,PULAU SEBANG,TAMPIN POS,73000,064411386,064411386
19,MELAKA,PPD ALOR GAJAH,SM Kebangsaan,MEE0075,SMK  DATO' DOL SAID,JALAN DATO DOL SAID,ALOR GAJAH,78000,065561286,065568551
20,MELAKA,PPD ALOR GAJAH,SM Kebangsaan,MEE0094,SMK KEM TERENDAK,KEM TERENDAK,KEMTERENDAK,76200,063571126,063573775
21,MELAKA,PPD JASIN,SM agama,MFT1001,SM ARAB ASSAIYIDAH KHADIJAH,"KM 18, KG SERKAM DARAT",MERLIMAU,77300,062632351,062631352
22,MELAKA,PPD JASIN,SM agama,MFT1002,SEK.MEN.ARB.ASSYAKIRIN,SELANDAR,MELAKA,77500,065253290,065253290
23,MELAKA,PPD JASIN,SM agama,MFT1003,SM TAHFIZ AL QURAN (JAIM),KG. CHENDERAH,JASIN,77000,065247288,065247290
24,MELAKA,PPD JASIN,"SM Berasrama Penuh",MRA1001,"SEKOLAH BERASRAMA PENUH INTEGRASI SELANDAR",JALAN BATANG MELAKA,SELANDAR,77500,064462363,064462959
25,MELAKA,PPD JASIN,SM Kebangsaan,MEA1060,SMK ISKANDAR SHAH,JALAN KELUBI,JASIN,77000,065291266,065295924
26,MELAKA,PPD JASIN,SM Kebangsaan,MEA1061,SMK DATO' ABDUL RAHMAN YA'KUB,JALAN JASIN,MERLIMAU,77300,062631407,062636019
27,MELAKA,PPD JASIN,SM Kebangsaan,MEA1072,SMK SRI MAHKOTA,"KM16, UMBAI",MERLIMAU,77300,062619262,062617592
28,MELAKA,PPD JASIN,SM Kebangsaan,MEA1076,SMK SIMPANG BEKOH,ASAHAN,JASIN,77100,065236043,065235893
29,MELAKA,PPD JASIN,SM Kebangsaan,MEA1077,SMK SELANDAR,SELANDAR,SELANDAR,77500,065251144,065251760
30,MELAKA,PPD JASIN,SM Kebangsaan,MEA1078,SMK SUNGAI RAMBAI,JALAN PARIT PUTAT,SUNGAI RAMBAI,77400,062659675,062658937
31,MELAKA,PPD JASIN,SM Kebangsaan,MEA1079,SMK NYALAS,"JALAN MELANGKAN, NYALAS",ASAHAN,77100,065228001,065228990
32,MELAKA,PPD JASIN,SM Kebangsaan,MEA1080,SMK SERI BEMBAN,JALAN AYER PANAS,BEMBAN,77200,065216684,065210252
33,MELAKA,PPD JASIN,SM Kebangsaan,MEA1081,SMK TUN SYED ZAHIRUDDIN,AYER TAWAR,MERLIMAU,77300,062633492,062633471
34,MELAKA,PPD JASIN,SM Kebangsaan,MEB1063,SMK DATUK BENDAHARA,JALAN PEGAWAI,Jasin,77000,065291278,065292036
35,MELAKA,PPD JASIN,SM Kebangsaan,MEB1064,SMK DANG ANUM,JALAN JASIN,MERLIMAU,77300,062631205,062636759
36,MELAKA,PPD JASIN,SM Kebangsaan,MEB1065,SMK JASIN,JALAN BUNGA TANJUNG TAMAN MAJU,JASIN,77000,065291318,065292752
37,MELAKA,PPD JASIN,SM Vokasional,MHA1001,SM VOKASIONAL JASIN,JALAN KEMENDOR,JASIN,77000,065291010,O65293130
38,MELAKA,PPD JASIN,SMK Agama,MRA1002,"SEKOLAH MENENGAH KEBANGSAAN AGAMA TUN PERAK",JALAN TAMAN MAJU,JASIN,77000,065291218,065296927
39,MELAKA,"PPD MELAKA TENGAH",Kolej,MHA2002,KOLEJ VOKASIONAL MELAKA TENGAH,"JALAN TUN TELANI, BUKIT KATIL",MELAKA,75450,062326190,062319672
40,MELAKA,"PPD MELAKA TENGAH",SM agama,MFT2001,SM AGAMA JAIM AL AHMADI,"KM 18, PAYA RUMPUT JAYA, SUNGAI UDANG",MELAKA TENGAH,76300,063531245,063531245
41,MELAKA,"PPD MELAKA TENGAH","SM Berasrama Penuh",MEE2141,SM SAINS MUZAFFAR SHAH,AYER KEROH,MELAKA,75450,062320833,062321780
42,MELAKA,"PPD MELAKA TENGAH",SM Kebangsaan,MEA2086,SMK TUN TIJAH,"LORONG TUN FATIMAH, DURIAN DAUN",MELAKA,75400,062824591,062824591
43,MELAKA,"PPD MELAKA TENGAH",SM Kebangsaan,MEA2087,SMK  MUNSHI ABDULLAH,"BATU BERENDAM,",MELAKA,75350,063175320,063173812
44,MELAKA,"PPD MELAKA TENGAH",SM Kebangsaan,MEA2088,SMK TUN MUTAHIR (INTEG),BATU BERENDAM,MELAKA,75350,063174376,063171539
45,MELAKA,"PPD MELAKA TENGAH",SM Kebangsaan,MEA2089,SMK SERI TANJUNG,TANJUNG KLING POS,TANJONG KLING,76400,06-3511539,063510825
46,MELAKA,"PPD MELAKA TENGAH",SM Kebangsaan,MEA2091,SMK AIR MOLEK,"KM 11, JALAN BUKIT LINTANG",MELAKA,75460,06-2680224,06-2672599
47,MELAKA,"PPD MELAKA TENGAH",SM Kebangsaan,MEA2092,SMK KLEBANG BESAR,KLEBANG BESAR,MELAKA,75200,063151014,063154052
48,MELAKA,"PPD MELAKA TENGAH",SM Kebangsaan,MEA2093,SMK BUKIT BARU,"JLN. ISTANA, BUKIT BARU",MELAKA,75450,062320718,062321275
49,MELAKA,"PPD MELAKA TENGAH",SM Kebangsaan,MEA2094,SMK TUN HAJI ABD MALEK,"KM 10, CHENG",MELAKA,75250,063357473,063366720
50,MELAKA,"PPD MELAKA TENGAH",SM Kebangsaan,MEA2095,SMK BUKIT KATIL,"KM 9, JALAN TUN KUDU, BUKIT KATIL",MELAKA,75450,06-2326935,06-2326922
51,MELAKA,"PPD MELAKA TENGAH",SM Kebangsaan,MEA2096,SMK MALIM,"KM 6, JALAN MALIM, MALIM",MELAKA,75250,063367579,063357578
52,MELAKA,"PPD MELAKA TENGAH",SM Kebangsaan,MEA2097,SMK PADANG TEMU,"KM.5, PADANG TEMU",MELAKA,75050,06-2820117,06-2811612
53,MELAKA,"PPD MELAKA TENGAH",SM Kebangsaan,MEA2098,SMK TELOK MAS,TELOK MAS,TELOK MAS,75460,062615292,062619422
54,MELAKA,"PPD MELAKA TENGAH",SM Kebangsaan,MEA2099,SMK BUKIT RAMBAI,BUKIT RAMBAI,MELAKA,75250,063517977,063517978
55,MELAKA,"PPD MELAKA TENGAH",SM Kebangsaan,MEA2100,SMK AYER KEROH,"TAMAN TASIK UTAMA, AYER KEROH",MELAKA,75450,062325157,062313721
56,MELAKA,"PPD MELAKA TENGAH",SM Kebangsaan,MEA2101,SMK KAMPUNG GELAM,TANJUNG KLING,TANJUNG KLING,76400,063510477,063512476
57,MELAKA,"PPD MELAKA TENGAH",SM Kebangsaan,MEA2102,SMK PERNU,PERNU,MELAKA,75460,062615016,062615017
58,MELAKA,"PPD MELAKA TENGAH",SM Kebangsaan,MEA2103,"SEKOLAH MENENGAH KEBANGSAAN PAYA RUMPUT",KM 12.8 PAYA RUMPUT,MELAKA,76450,063163705,063163706
59,MELAKA,"PPD MELAKA TENGAH",SM Kebangsaan,MEB2090,SMK TINGGI MELAKA,61 JALAN CHAN KOON CHENG,MELAKA,75000,062824466,062860548
60,MELAKA,"PPD MELAKA TENGAH",SM Kebangsaan,MEB2091,SMK GAJAH BERANG,JALAN GAJAH BERANG,MELAKA,75200,062831476,06-2828691
61,MELAKA,"PPD MELAKA TENGAH",SM Kebangsaan,MEB2092,SMK TINGGI PEREMPUAN,"LORONG TUN FATIMAH, JALAN DURIAN DAUN",MELAKA,75400,062921206,062924985
62,MELAKA,"PPD MELAKA TENGAH",SM Kebangsaan,MEB2093,SMK TINGGI ST DAVID (M),"JLN. TANJUNG , BUKIT BARU",MELAKA,75150,062823619,062810416
63,MELAKA,"PPD MELAKA TENGAH",SM Kebangsaan,MEB2094,SMK METHODIST (ACS) MELAKA ( M ),JLN TENGKERA,MELAKA,75200,062823434,062846558
64,MELAKA,"PPD MELAKA TENGAH",SM Kebangsaan,MEB2095,SMK PEREMPUAN METHODIST (M),"440-B, JLN TENGKERA,",MELAKA,75200,062823606,062827604
65,MELAKA,"PPD MELAKA TENGAH",SM Kebangsaan,MEB2096,SMK ST FRANCIS (M),"JLN PARAMESWARA,",MELAKA,75000,062823431,062817160
66,MELAKA,"PPD MELAKA TENGAH",SM Kebangsaan,MEB2097,SMK INFANT JESUS CONVENT (M),"141, JALAN PARAMESWARA,",MELAKA,75000,062823211,06-2863418
67,MELAKA,"PPD MELAKA TENGAH",SM Kebangsaan,MEB2098,SMK  CANOSSA CONVENT ( M ),"KG PORTUGIS,  JALAN UJ0NG PASIR",MELAKA,75050,062822522,062865203
68,MELAKA,"PPD MELAKA TENGAH",SM Kebangsaan,MEB2099,SMK  KATHOLIK (M),251 JLN GAJAH BERANG,MELAKA,75200,06-2831261,06-2921995
69,MELAKA,"PPD MELAKA TENGAH",SM Kebangsaan,MEB2100,SMK NOTRE DAME CONVENT,"265,JLN GAJAH BERANG",MELAKA,75200,062824887,062862836
70,MELAKA,"PPD MELAKA TENGAH",SM Kebangsaan,MEB2101,SMK  YOK BIN (CF),"19-21,JLN. AIR LELEH",MELAKA,75050,062822720,062865168
71,MELAKA,"PPD MELAKA TENGAH",SM Kebangsaan,MEB2102,SMK TUN TUAH,"KAMPUNG LAPAN, BACHANG",MELAKA,75200,06-3355945,063373480
72,MELAKA,"PPD MELAKA TENGAH",SM Kebangsaan,MEB2103,SMK  DURIAN DAUN,LORONG TUN FATIMAH DURIAN DAUN,MELAKA,75400,06-2831803,062922707
73,MELAKA,"PPD MELAKA TENGAH",SM Kebangsaan,MEB2104,SMK TINGGI CINA MELAKA,28 JLN MALIM,MELAKA,75250,06-3354609,06-3369477
74,MELAKA,"PPD MELAKA TENGAH",SM Kebangsaan,MEB2145,SMK SERI KOTA,JLN AYER LELEH,MELAKA,75050,062825126,062823169
75,MELAKA,"PPD MELAKA TENGAH",SM Teknik,MKB2144,SMKT BUKIT PIATU,"SM TEKNIK MELAKA, BUKIT PIATU",MELAKA,75150,062822936,062819066
76,MELAKA,"PPD MELAKA TENGAH",SMK Agama,MRA2125,SMKA  SULTAN MUHAMMAD,"JALAN PENGKALAN BATU, BATU BERENDAM",MELAKA,75350,06-2325434,06-2316275
77,MELAKA,"PPD MELAKA TENGAH",SMK Agama,MRA2127,SMKA SHARIFAH RODZIAH,TELOK MAS,MELAKA,75460,062618944,062616518
