1,MELAKA,PPD ALOR GAJAH,Jenis Kebangsaan (C),MBC0046,SJK(C) PAY CHEE,PULAU SEBANG,TAMPIN POS,73000,06-4411266,06-4411266
2,MELAKA,PPD ALOR GAJAH,Jenis Kebangsaan (C),MBC0047,SJK(C) ALOR GAJAH,ALOR GAJAH,ALOR GAJAH,78000,06-5561260,065561260
3,MELAKA,PPD ALOR GAJAH,Jenis Kebangsaan (C),MBC0048,SJK(C) SANN YUH,SIMPANG  AMPAT,ALOR  GAJAH,78000,06-5529567,065529567
4,MELAKA,PPD ALOR GAJAH,Jenis Kebangsaan (C),MBC0049,SJK(C) PENG MIN,GADEK,ALOR GAJAH,78000,065548739,065548739
5,MELAKA,PPD ALOR GAJAH,Jenis Kebangsaan (C),MBC0050,SJK(C) SIN WAH,DURIAN TUNGGAL,"DURIAN TUNGGAL",76100,065531179,065531179
6,MELAKA,PPD ALOR GAJAH,Jenis Kebangsaan (C),MBC0051,SJK(C) KIOW MIN,REMBIA 78000 ALOR GAJAH,ALOR GAJAH,78000,063161735,063161735
7,MELAKA,PPD ALOR GAJAH,Jenis Kebangsaan (C),MBC0052,SJK(C) MACHAP BARU,KG. MACHAP BARU,"DURIAN TUNGGAL",76100,065252055,065252055
8,MELAKA,PPD ALOR GAJAH,Jenis Kebangsaan (C),MBC0053,SJK(C) MACHAP UMBOO,MACHAP UMBOO,ALOR GAJAH,78000,065566610,065566610
9,MELAKA,PPD ALOR GAJAH,Jenis Kebangsaan (C),MBC0054,SJK(C) TABOH NANING,KG BARU TABOH NANING,ALOR GAJAH,78000,06-4413202,06-4413202
10,MELAKA,PPD ALOR GAJAH,Jenis Kebangsaan (C),MBC0055,SJK(C) LENDU,KG BARU LENDU,ALOR GAJAH,78000,065568272,065568272
11,MELAKA,PPD ALOR GAJAH,Jenis Kebangsaan (C),MBC0056,SJK(C) KHIAK YEW,TEBONG,ALOR GAJAH,76460,06-4486349,064486349
12,MELAKA,PPD ALOR GAJAH,Jenis Kebangsaan (C),MBC0057,SJK(C) MASJID TANAH,MASJID TANAH,MASJID TANAH,78300,063841248,063841248
13,MELAKA,PPD ALOR GAJAH,Jenis Kebangsaan (C),MBC0058,SJK(C) YOK SIN,KUALA SUNGAI BARU,"KUALA SUNGAI BARU",78200,063877325,063877325
14,MELAKA,PPD ALOR GAJAH,Jenis Kebangsaan (C),MBC0059,SJK(C) PAYA MENGKUANG,KAMPUNG PAYA MENGKUANG,MASJID TANAH,78300,063842928,063842924
15,MELAKA,PPD ALOR GAJAH,Jenis Kebangsaan (C),MBC0060,SJK(C) SIN MIN,LUBOK CHINA,LUBOK CHINA,78100,066967697,066967697
16,MELAKA,PPD ALOR GAJAH,Jenis Kebangsaan (C),MBC0061,SJK(C) CHABAU,"TAMAN ANGKASA NURI DURIAN TUNGGAL","DURIAN TUNGGAL",76100,063341224,063341223
17,MELAKA,PPD ALOR GAJAH,Jenis Kebangsaan (T),MBD0061,SJK(T) ALOR GAJAH,ALOR GAJAH,ALOR GAJAH,78000,065561337,065561337
18,MELAKA,PPD ALOR GAJAH,Jenis Kebangsaan (T),MBD0062,SJK(T) DURIAN TUNGGAL,JALAN DURIAN TUNGGAL/ MACHAP,"DURIAN TUNGGAL",76100,065534073,065534073
19,MELAKA,PPD ALOR GAJAH,Jenis Kebangsaan (T),MBD0063,SJK(T) RUMBIA,"BATU 10, RUMBIA",ALOR GAJAH,78000,063163180,063163180
20,MELAKA,PPD ALOR GAJAH,Jenis Kebangsaan (T),MBD0064,SJK(T) LADANG GADEK,PULAU SEBANG,TAMPIN,73000,064417882,064417882
21,MELAKA,PPD ALOR GAJAH,Jenis Kebangsaan (T),MBD0066,SJK(T) KEMUNING (H/D),KM 38 JLN KUALA SUNGGA,TEBONG,76460,064486979,064486979
22,MELAKA,PPD ALOR GAJAH,Jenis Kebangsaan (T),MBD0067,SJK(T) LDG KEMUNING KRU DIVISION,LADANG  KEMUNING  KRU GADEK,ALOR GAJAH,78000,065549420,065549420
23,MELAKA,PPD ALOR GAJAH,Jenis Kebangsaan (T),MBD0068,SJK(T) PULAU SEBANG,PULAU SEBANG,TAMPIN,73000,064416258,064416258
24,MELAKA,PPD ALOR GAJAH,Jenis Kebangsaan (T),MBD0069,SJK(T) LDG SG BARU (H/D),LADANG SUNGAI BARU (H/D),MASJID TANAH,78300,063841896,063841896
25,MELAKA,PPD ALOR GAJAH,Jenis Kebangsaan (T),MBD0070,SJK(T) LDG TEBONG,LADANG TEBONG,ALOR GAJAH,76460,064486975,064486975
26,MELAKA,PPD ALOR GAJAH,Jenis Kebangsaan (T),MBD0097,SJK(T) PEKAN TEBONG,TEBONG,TEBONG,76460,064486592,064486592
27,MELAKA,PPD ALOR GAJAH,Kebangsaan,MBA0001,SK MASJID TANAH (INTEG),JALAN SMK.  GHAFAR BABA,MASJID TANAH,78300,063841244,063841244
28,MELAKA,PPD ALOR GAJAH,Kebangsaan,MBA0002,SK TANJUNG BIDARA,KM 36,MASJID TANAH,78300,063844839,063844822
29,MELAKA,PPD ALOR GAJAH,Kebangsaan,MBA0003,SK OTHMAN SYAWAL,KUALA SUNGAI BARU,"KUALA SUNGAI BARU",78200,063876712,063879219
30,MELAKA,PPD ALOR GAJAH,Kebangsaan,MBA0004,SK BUKIT BERINGIN,MASJID TANAH,MASJID TANAH,78300,06-3844284,06-3844284
31,MELAKA,PPD ALOR GAJAH,Kebangsaan,MBA0005,SK RAMUAN CHINA BESAR,RAMUAN CHINA BESAR,MASJID TANAH,78300,063844531,063844531
32,MELAKA,PPD ALOR GAJAH,Kebangsaan,MBA0006,SK RAMUAN CHINA KECHIL,BT. 25 RAMUAN CHINA KECHIL,LUBOK CHINA,78100,063846753,063846753
33,MELAKA,PPD ALOR GAJAH,Kebangsaan,MBA0007,SK AYER LIMAU,"BT 19 1/2, KAMPUNG AYER LIMAU",MASJID TANAH,78300,063845496,063845496
34,MELAKA,PPD ALOR GAJAH,Kebangsaan,MBA0008,SK KUALA LINGGI,KM 50 KUALA LINGGI,"KUALA SUNGAI BARU",78200,063877510,063877510
35,MELAKA,PPD ALOR GAJAH,Kebangsaan,MBA0009,SK PENGKALAN BALAK,PENGKALAN BALAK,MASJID TANAH,78300,063844394,063844391
36,MELAKA,PPD ALOR GAJAH,Kebangsaan,MBA0010,SK DURIAN DAUN 'K',MASJID TANAH,MASJID TANAH,78300,063846219,063846219
37,MELAKA,PPD ALOR GAJAH,Kebangsaan,MBA0011,SK LUBOK REDAN,MASJID TANAH,MASJID TANAH,78300,063877185,063877185
38,MELAKA,PPD ALOR GAJAH,Kebangsaan,MBA0012,SK JERAM,KAMPUNG JERAM,MASJID TANAH,78300,06 3848073,06 3841943
39,MELAKA,PPD ALOR GAJAH,Kebangsaan,MBA0013,SK AIR JERNIH,KUALA SUNGAI BARU,KUALA SG BARU,78200,063878311,063878311
40,MELAKA,PPD ALOR GAJAH,Kebangsaan,MBA0014,SK KAMPUNG TENGAH,BATU 29  KAMPONG TENGAH,"KUALA SUNGAI BARU",78200,063877327,063877327
41,MELAKA,PPD ALOR GAJAH,Kebangsaan,MBA0015,SK  SUNGAI TUANG,JALAN PERSISIRAN PANTAI,MASJID TANAH,78300,063844576,06-3844576
42,MELAKA,PPD ALOR GAJAH,Kebangsaan,MBA0016,SK TELOK BEREMBANG,LUBOK CHINA,LUBOK CHINA,78100,066967602,066967602
43,MELAKA,PPD ALOR GAJAH,Kebangsaan,MBA0017,SK SUNGAI JERNIH,LUBOK CHINA,LUBOK CHINA,78100,066967641,066967641
44,MELAKA,PPD ALOR GAJAH,Kebangsaan,MBA0018,SK RANTAU PANJANG,RANTAU PANJANG,MASJID TANAH,78300,065528857,065528857
45,MELAKA,PPD ALOR GAJAH,Kebangsaan,MBA0020,SK PADANG SEBANG,ALOR GAJAH,ALOR GAJAH,78000,065548903,065548903
46,MELAKA,PPD ALOR GAJAH,Kebangsaan,MBA0021,SK AYER PA' ABAS,AYER PA'ABAS,ALOR GAJAH,78000,065528771,065528771
47,MELAKA,PPD ALOR GAJAH,Kebangsaan,MBA0022,SK SIMPANG EMPAT,SIMPANG EMPAT,ALOR GAJAH,78000,065528803,065528803
48,MELAKA,PPD ALOR GAJAH,Kebangsaan,MBA0023,SK PULAU SEBANG,JALAN KEMUS PULAU SEBANG,ALOR GAJAH,78000,06-4419098,064419098
49,MELAKA,PPD ALOR GAJAH,Kebangsaan,MBA0024,SK MELEKEK,Jalan Kampung Melekek Dalam,ALOR GAJAH,78000,065566436,065566436
50,MELAKA,PPD ALOR GAJAH,Kebangsaan,MBA0025,SK GANUN,KAMPUNG GANUN,ALOR GAJAH,78000,065548908,065548907
51,MELAKA,PPD ALOR GAJAH,Kebangsaan,MBA0026,SK PARIT MELANA,DURIAN TUNGGAL,"DURIAN TUNGGAL",76100,065532499,065532499
52,MELAKA,PPD ALOR GAJAH,Kebangsaan,MBA0027,SK SUNGAI PETAI,KAMPUNG SUNGAI PETAI,ALOR GAJAH,78000,065565786,065565786
53,MELAKA,PPD ALOR GAJAH,Kebangsaan,MBA0028,SK SUNGAI SIPUT,SUNGAI SIPUT,LUBOK CHINA,78100,066967884,066967884
54,MELAKA,PPD ALOR GAJAH,Kebangsaan,MBA0029,SK MELAKA PINDAH,KAMPUNG MELAKA PINDAH,ALOR GAJAH,78000,06-5568402,06-5568402
55,MELAKA,PPD ALOR GAJAH,Kebangsaan,MBA0030,SK PEGOH,KAMPUNG PEGOH,ALOR GAJAH,78000,065568408,065568408
56,MELAKA,PPD ALOR GAJAH,Kebangsaan,MBA0031,SK BERISU,LUBOK CHINA,LUBOK CHINA,78100,065528934,065528934
57,MELAKA,PPD ALOR GAJAH,Kebangsaan,MBA0032,SK LENDU,LENDU,ALOR GAJAH,78000,065565906,065565906
58,MELAKA,PPD ALOR GAJAH,Kebangsaan,MBA0033,SK BELIMBING DALAM,KG BELIMBING DALAM,"DURIAN TUNGGAL",76100,065532498,065532498
59,MELAKA,PPD ALOR GAJAH,Kebangsaan,MBA0034,SK RUMBIA,"KM 14, LEBUH AMJ, ALOR GAJAH",ALOR GAJAH,78000,063162653,063162653
60,MELAKA,PPD ALOR GAJAH,Kebangsaan,MBA0035,SK SUNGAI BULOH,KG SUNGAI BULOH,ALOR GAJAH,78000,065528635,065528635
61,MELAKA,PPD ALOR GAJAH,Kebangsaan,MBA0036,SK CHERANA PUTEH,TABOH NANING,ALOR GAJAH,78000,065528941,065528941
62,MELAKA,PPD ALOR GAJAH,Kebangsaan,MBA0037,SK TEBONG,"KM. 37, JALAN KUALA SUNGGA, TEBONG",ALOR GAJAH,76460,06-4486693,06-4486693
63,MELAKA,PPD ALOR GAJAH,Kebangsaan,MBA0038,SK KEMUNING,KAMPUNG KEMUNING,ALOR GAJAH,78000,065549419,065548420
64,MELAKA,PPD ALOR GAJAH,Kebangsaan,MBA0039,SK MENGGONG,JALAN MACHAP HUTAN PERCHA,ALOR GAJAH,78000,065568845,065568840
65,MELAKA,PPD ALOR GAJAH,Kebangsaan,MBA0040,SK HUTAN PERCHA,FELDA HUTAN PERCHA,ALOR GAJAH,78000,065548546,065548546
66,MELAKA,PPD ALOR GAJAH,Kebangsaan,MBA0041,SK DURIAN TUNGGAL,DURIAN TUNGGAL,"DURIAN TUNGGAL",76100,065531193,065531545
67,MELAKA,PPD ALOR GAJAH,Kebangsaan,MBA0042,SK KEM TERENDAK II,KEM TERENDAK,KEM TERENDAK,76200,063572052,063572898
68,MELAKA,PPD ALOR GAJAH,Kebangsaan,MBA0043,SK GANGSA,DURIAN TUNGGAL,ALOR GAJAH,76100,065533997,065532209
69,MELAKA,PPD ALOR GAJAH,Kebangsaan,MBA0044,SK LESONG BATU,LESONG BATU,ALOR GAJAH,78000,065560490,065560843
70,MELAKA,PPD ALOR GAJAH,Kebangsaan,MBA0045,SEKOLAH KEBANGSAAN DEMANG TAHA,MASJID TANAH,MASJID TANAH,78300,063847200,063847202
71,MELAKA,PPD ALOR GAJAH,Kebangsaan,MBB0041,SK ALOR GAJAH 1,ALOR GAJAH,ALOR GAJAH,78000,065561221,065561223
72,MELAKA,PPD ALOR GAJAH,Kebangsaan,MBB0042,SK DATO' NANING,JALAN BESAR ALOR GAJAH,ALOR GAJAH,78000,065561299,065561299
73,MELAKA,PPD ALOR GAJAH,Kebangsaan,MBB0043,SK DATUK TAMBICHIK KARIM,MASJID TANAH,MASJID TANAH,78300,063841237,063852472
74,MELAKA,PPD ALOR GAJAH,Kebangsaan,MBB0044,SK SRI LAKSAMANA,"JALAN  SRI LAKSAMANA, MASJID TANAH",MASJID TANAH,78300,063841366,063844009
75,MELAKA,PPD ALOR GAJAH,Kebangsaan,MBE0045,SK KEM TERENDAK 1,KEM TERENDAK,MELAKA,76200,063573793,063573793
76,MELAKA,PPD ALOR GAJAH,Kebangsaan,MCT0001,"SEKOLAH RENDAH ARAB (JAIM) AL-FALAH","BATU 28, KUALA SG. BARU",KUALA SG. BARU,78200,063877736,063877736
77,MELAKA,PPD ALOR GAJAH,Kebangsaan,MCT0002,"SEKOLAH RENDAH ARAB JAIM JELATANG","JALAN SUTERA 11, TAMAN SUTERA",ALOR GAJAH,78000,065567160,065567160
78,MELAKA,PPD JASIN,Jenis Kebangsaan (C),MBC1032,SJK(C) KUANG HWA,"BATU 9,         UMBAI",MERLIMAU,77300,062619808,062619808
79,MELAKA,PPD JASIN,Jenis Kebangsaan (C),MBC1033,SJK(C) YU HSIEN,JALAN RIM,JASIN,77000,065291270,065291270
80,MELAKA,PPD JASIN,Jenis Kebangsaan (C),MBC1034,SJK(C) CHUNG HWA,SUNGAI RAMBAI,SUNGAI RAMBAI,77400,062659563,062659563
81,MELAKA,PPD JASIN,Jenis Kebangsaan (C),MBC1035,SJK(C) KIOW NAM,BATANG MELAKA,SELANDAR,77500,064461397,064461397
82,MELAKA,PPD JASIN,Jenis Kebangsaan (C),MBC1036,SJK(C) PAY MIN,KG. BATU GAJAH PASIR,MERLIMAU,77300,062658616,062658616
83,MELAKA,PPD JASIN,Jenis Kebangsaan (C),MBC1037,SJK(C) MERLIMAU,"JALAN MELAKA,",MERLIMAU,77300,062631267,062631267
84,MELAKA,PPD JASIN,Jenis Kebangsaan (C),MBC1038,SJK(C) CHIAO CHEE,JALAN JASIN,SELANDAR,77500,065251470,065251470
85,MELAKA,PPD JASIN,Jenis Kebangsaan (C),MBC1039,SJK(C) JASIN LALANG,"BT 15  , AIR MERBAU",JASIN,77200,065217248,065217248
86,MELAKA,PPD JASIN,Jenis Kebangsaan (C),MBC1040,SJK(C) PAY CHIAO,BEMBAN,MELAKA,77200,065216426,065216426
87,MELAKA,PPD JASIN,Jenis Kebangsaan (C),MBC1041,SJK(C) ON LOK,KG BARU ON LOK,SELANDAR,77500,064461977,064461977
88,MELAKA,PPD JASIN,Jenis Kebangsaan (C),MBC1042,SJK(C) PAY YAP,KESANG PAJAK,JASIN,77000,065292109,065292109
89,MELAKA,PPD JASIN,Jenis Kebangsaan (C),MBC1043,SJK(C) PAY CHUIN,"BT 21 BUKIT KATONG, RIM",JASIN,77000,065296023,065296023
90,MELAKA,PPD JASIN,Jenis Kebangsaan (C),MBC1044,SJK(C) PARIT KELILING,KAMPUNG BARU PARIT KELILING,JASIN,77100,065235189,065235189
91,MELAKA,PPD JASIN,Jenis Kebangsaan (C),MBC1045,SJK(C) PONDOK BATANG,KAMPUNG MAJU PONDOK BATANG,ASAHAN,77100,065235219,065235219
92,MELAKA,PPD JASIN,Jenis Kebangsaan (C),MBC1046,SJK(C) SIMPANG BEKOH,ASAHAN POS,ASAHAN,77100,065235201,065235201
93,MELAKA,PPD JASIN,Jenis Kebangsaan (C),MBC1048,SJK(C) TOON HUA,NYALAS,ASAHAN,77100,065228322,065228322
94,MELAKA,PPD JASIN,Jenis Kebangsaan (C),MBC1049,SJK(C) SHUH YEN,"TEHEL, BEMBAN",JASIN,77200,062688296,062688296
95,MELAKA,PPD JASIN,Jenis Kebangsaan (C),MBC1050,SJK(C) PAY HSIEN,CHIN CHIN,JASIN,77000,065247044,065247044
96,MELAKA,PPD JASIN,Jenis Kebangsaan (C),MBC1051,SJK(C) KEMENDOR,"FELDA KEMENDOR, KEMENDOR",JASIN,77000,065295061,065295061
97,MELAKA,PPD JASIN,Jenis Kebangsaan (T),MBD1051,SJK(T) BATANG MELAKA,BATANG MELAKA,SELANDAR,77500,064462589,064462589
98,MELAKA,PPD JASIN,Jenis Kebangsaan (T),MBD1052,SJK(T) JASIN,JASIN,JASIN,77000,065295406,065291628
99,MELAKA,PPD JASIN,Jenis Kebangsaan (T),MBD1054,SJK(T) LDG BUKIT ASAHAN,LADANG BUKIT ASAHAN,JASIN,77100,065235067,065235067
100,MELAKA,PPD JASIN,Jenis Kebangsaan (T),MBD1055,SJK(T) LDG BUKIT KAJANG,BUKIT KAJANG,BEMBAN,77200,065216481,065216481
101,MELAKA,PPD JASIN,Jenis Kebangsaan (T),MBD1056,SJK(T) LDG DIAMOND JUBILEE,LDG DIAMOND JUBILEE,JASIN,77000,065293841,065293841
102,MELAKA,PPD JASIN,Jenis Kebangsaan (T),MBD1057,SJK(T) LDG JASIN LALANG,LADANG JASIN LALANG,JASIN,77000,065216532,065216532
103,MELAKA,PPD JASIN,Jenis Kebangsaan (T),MBD1058,SJK(T) MERLIMAU,JALAN JASIN,MERLIMAU,77300,062631195,062631195
104,MELAKA,PPD JASIN,Jenis Kebangsaan (T),MBD1059,SJK(T) LDG SERKAM,LADANG SERKAM,MERLIMAU,77300,062632024,062632024
105,MELAKA,PPD JASIN,Kebangsaan,MBA1001,SK JASIN,JALAN AMAN,JASIN,77000,065291279,065294484
106,MELAKA,PPD JASIN,Kebangsaan,MBA1002,SK KESANG TUA,KG. KESANG TUA,JASIN,77000,065293899,065291440
107,MELAKA,PPD JASIN,Kebangsaan,MBA1003,SK SELANDAR,"BT 21, JALAN JASIN",SELANDAR,77500,065252705,065252705
108,MELAKA,PPD JASIN,Kebangsaan,MBA1004,SK BUKIT SENGGEH,KAMPUNG BUKIT SENGGEH,SELANDAR,77500,065252759,065252759
109,MELAKA,PPD JASIN,Kebangsaan,MBA1005,SK JUS,"BATU 24, KAMPUNG JUS",Selandar,77500,065251981,065251981
110,MELAKA,PPD JASIN,Kebangsaan,MBA1006,SK BATANG MELAKA,JALAN SELANDAR BATANG MELAKA,SELANDAR,77500,064461570,064461570
111,MELAKA,PPD JASIN,Kebangsaan,MBA1007,SK NYALAS,PEKAN NYALAS,JASIN,77100,065229228,065228469
112,MELAKA,PPD JASIN,Kebangsaan,MBA1008,SK MASJID BARU,MASJID BARU,ASAHAN,77100,065229098,065229098
113,MELAKA,PPD JASIN,Kebangsaan,MBA1009,SK ASAHAN,ASAHAN,JASIN,77100,065236803,065236803
114,MELAKA,PPD JASIN,Kebangsaan,MBA1010,SK CHABAU,KG.CHABAU,ASAHAN,77100,065236686,065236686
115,MELAKA,PPD JASIN,Kebangsaan,MBA1011,SK CHENDERAH,KG. CHENDERAH,JASIN,77000,065246539,065246539
116,MELAKA,PPD JASIN,Kebangsaan,MBA1012,SK CHOHONG,KM 40 KAMPUNG CHOHONG,JASIN,77000,065246568,065246568
117,MELAKA,PPD JASIN,Kebangsaan,MBA1013,SK CHINCHIN,KM 37 JALAN CHIN CHIN,JASIN,77000,065246578,065246578
118,MELAKA,PPD JASIN,Kebangsaan,MBA1014,SK TERENTANG,"KM. 34, JALAN CHINCHIN",JASIN,77000,065246537,065246537
119,MELAKA,PPD JASIN,Kebangsaan,MBA1015,SK SERI BEMBAN,"KM 22,BEMBAN",BEMBAN,77200,065217834,065217834
120,MELAKA,PPD JASIN,Kebangsaan,MBA1016,SK TEHEL,"KM.16, BEMBAN",JASIN,77200,062682713,062682713
121,MELAKA,PPD JASIN,Kebangsaan,MBA1017,SK KEMENDOR,FELDA TUN GHAFAR KEMENDORE,JASIN,77000,065295110,065295110
122,MELAKA,PPD JASIN,Kebangsaan,MBA1018,SK PULAI,"KM 16,  KAMPUNG  PULAI",MERLIMAU,77300,062619268,062619089
123,MELAKA,PPD JASIN,Kebangsaan,MBA1019,SK SERKAM,"KM18, JALAN SERKAM PANTAI",MERLIMAU,77300,062619740,062619740
124,MELAKA,PPD JASIN,Kebangsaan,MBA1020,SK TEDONG,SEK.KEB.TEDONG,MERLIMAU,77300,062633353,062636350
125,MELAKA,PPD JASIN,Kebangsaan,MBA1021,SK SEMPANG,"KM21 JALAN MELAKA-MUAR, KG.SEMPANG",MERLIMAU,77300,062634645,062634645
126,MELAKA,PPD JASIN,Kebangsaan,MBA1022,SK MERLIMAU,"KM 24, JALAN MUAR LAMA",MERLIMAU,77300,062634548,062634548
127,MELAKA,PPD JASIN,Kebangsaan,MBA1023,SK SEBATU,"KM 29, KG SEBATU",SUNGAI RAMBAI,77400,062659505,062659505
128,MELAKA,PPD JASIN,Kebangsaan,MBA1024,SK SG RAMBAI,SUNGAI RAMBAI,SUNGAI RAMBAI,77400,062659903,062658322
129,MELAKA,PPD JASIN,Kebangsaan,MBA1025,SK BATU GAJAH,"KM 28, BATU GAJAH PASIR",MERLIMAU,77300,062659920,062659920
130,MELAKA,PPD JASIN,Kebangsaan,MBA1026,SK PARIT PENGHULU,JALAN PARIT PENGHULU,SUNGAI RAMBAI,77400,062650159,062650159
131,MELAKA,PPD JASIN,Kebangsaan,MBA1027,SK SERI MENDAPAT,KG. SERI MENDAPAT,MERLIMAU,77300,062633672,062633672
132,MELAKA,PPD JASIN,Kebangsaan,MBA1029,SK SERKAM DARAT,KG.SERKAM DARAT,MERLIMAU,77300,06-2636217,06-2636217
133,MELAKA,PPD JASIN,Kebangsaan,MBA1071,SK PARIT GANTONG,"KM 35, JALAN PARIT PERAWAS",SUNGAI RAMBAI,77400,6062658051,6062658051
134,MELAKA,PPD JASIN,Kebangsaan,MBA1075,SK (FELDA) BKT SENGGEH,FELDA BUKIT SENGGEH,ASAHAN,77100,065229668,065229668
135,MELAKA,PPD JASIN,Kebangsaan,MBA1076,SK SERI MACHAP,KG. BARU BUKIT SEDANAN,SELANDAR,77500,065252763,065252763
136,MELAKA,PPD JASIN,Kebangsaan,MBA1077,SK DATUK HJ BAGINDA,"KM 14, KAMPUNG UMBAI",MERLIMAU,77300,062610317,062610360
137,MELAKA,PPD JASIN,Kebangsaan,MBA1078,SK BUKIT TEMBAKAU,KM. 13 KG.BUKIT TEMBAKAU,MERLIMAU,77300,062618330,062618330
138,MELAKA,PPD JASIN,Kebangsaan,MBA1079,SEKOLAH KEBANGSAAN AYER MERBAU,Kg. Ayer Merbau,Jasin,77200,065210832,065210831
139,MELAKA,PPD JASIN,Kebangsaan,MBB1029,SK AIR BARUK,JALAN PAYA BATU,JASIN,77000,065291267,065293448
140,MELAKA,PPD JASIN,Kebangsaan,MBB1030,SK SRI LANANG,JALAN KELUBI,JASIN,77000,065291459,065291459
141,MELAKA,PPD JASIN,Kebangsaan,MBB1031,SK MERLIMAU 1,JALAN BATU GAJAH,MERLIMAU,77300,062631460,062636406
142,MELAKA,PPD JASIN,Kebangsaan,MBB1074,SK MERLIMAU DUA,"KM 26,JALAN  JASIN",MERLIMAU,77300,062631404,062631420
143,MELAKA,PPD JASIN,Kebangsaan,MCT1001,"SEKOLAH RENDAH ARAB JAIM SELANDAR","SELANDAR, MELAKA",JASIN,77500,065253288,065253288
144,MELAKA,PPD JASIN,Kebangsaan,MCT1002,"SEKOLAH RENDAH ARAB MERLIMAU PASIR","KM 26, JALAN BATU GAJAH",MERLIMAU,77300,062634891,062634891
145,MELAKA,"PPD MELAKA TENGAH",Jenis Kebangsaan (C),MBC2053,SJK(C) PAY FONG 1,"Lot 9245 Jalan KJ2,Taman Krubong Jaya",MELAKA,75260,063360310,063360312
146,MELAKA,"PPD MELAKA TENGAH",Jenis Kebangsaan (C),MBC2054,SJK(C) PAY FONG 2,"225,JLN PARAMESWARA",MELAKA,75000,062831480,062831480
147,MELAKA,"PPD MELAKA TENGAH",Jenis Kebangsaan (C),MBC2055,SJK(C) PAY FONG 3,"60,JALAN PUTERI HANG LI POH",MELAKA,75100,06-2840171,06-2840171
148,MELAKA,"PPD MELAKA TENGAH",Jenis Kebangsaan (C),MBC2056,SJK(C) PAY TECK,"45,KG TIGA",MELAKA,75200,062823020,062823020
149,MELAKA,"PPD MELAKA TENGAH",Jenis Kebangsaan (C),MBC2057,SJK(C) PING MING,"78,JLN TUN SRI LANANG",MELAKA,75100,062822633,062822633
150,MELAKA,"PPD MELAKA TENGAH",Jenis Kebangsaan (C),MBC2058,SJK(C) YOK BIN,121 JALAN KUBU MELAKA,MELAKA,75300,062822827,062817648
151,MELAKA,"PPD MELAKA TENGAH",Jenis Kebangsaan (C),MBC2059,SJK(C) CHUNG KUO,310-C  JALAN TENGKERA,MELAKA,75200,062822744,062822744
152,MELAKA,"PPD MELAKA TENGAH",Jenis Kebangsaan (C),MBC2060,SJK(C) BACHANG,JALAN DATUK WIRA POH AH TIAM,MELAKA,75250,063350216,063350216
153,MELAKA,"PPD MELAKA TENGAH",Jenis Kebangsaan (C),MBC2061,SJK(C) KATHOLIK,"251, JLN GAJAH BERANG",MELAKA,75200,062822939,062822935
154,MELAKA,"PPD MELAKA TENGAH",Jenis Kebangsaan (C),MBC2062,SJK(C) SIANG LIN,"67,JLN DURIAN DAUN,",MELAKA,75400,062825475,062825475
155,MELAKA,"PPD MELAKA TENGAH",Jenis Kebangsaan (C),MBC2063,SJK(C) NOTRE DAME,263 JALAN GAJAH BERANG,MELAKA,75200,062843100,062882105
156,MELAKA,"PPD MELAKA TENGAH",Jenis Kebangsaan (C),MBC2064,SJK(C) EK TE,"LEREH,TANJUNG KLING",MELAKA,76400,063151267,063151267
157,MELAKA,"PPD MELAKA TENGAH",Jenis Kebangsaan (C),MBC2065,SJK(C) YING CHYE,Bukit Rambai,MELAKA,75250,063510630,063510630
158,MELAKA,"PPD MELAKA TENGAH",Jenis Kebangsaan (C),MBC2066,SJK(C) YU YING,"JLN BKT GODEK, SEMABOK",MELAKA,75050,062832089,062832189
159,MELAKA,"PPD MELAKA TENGAH",Jenis Kebangsaan (C),MBC2067,SJK(C) TING HWA,"JALAN PULAU GADONG,",MELAKA,75200,063351432,063351432
160,MELAKA,"PPD MELAKA TENGAH",Jenis Kebangsaan (C),MBC2068,SJK(C) WEN HUA,"BATU BERENDAM,",MELAKA,75350,063172524,063177422
161,MELAKA,"PPD MELAKA TENGAH",Jenis Kebangsaan (C),MBC2069,SJK(C) KEH SENG,"BUKIT BARU,",MELAKA,75150,062823522,062882163
162,MELAKA,"PPD MELAKA TENGAH",Jenis Kebangsaan (C),MBC2070,SJK(C) POH LAN,"TANGGA BATU, TANJONG KLING",MELAKA,76400,063515736,063515736
163,MELAKA,"PPD MELAKA TENGAH",Jenis Kebangsaan (C),MBC2071,SJK(C) LIH JEN,JALAN POKOK MANGGA,MELAKA,75200,063344748,063344748
164,MELAKA,"PPD MELAKA TENGAH",Jenis Kebangsaan (C),MBC2072,SJK(C) KUANG YAH,TELOK MAS,MELAKA,75460,062616740,062616740
165,MELAKA,"PPD MELAKA TENGAH",Jenis Kebangsaan (C),MBC2073,SJK(C) PAY HWA,PAYA RUMPUT,MELAKA,76450,063162704,063162705
166,MELAKA,"PPD MELAKA TENGAH",Jenis Kebangsaan (C),MBC2074,SJK(C) ST MARY,AIR SALAK,MELAKA,75250,063516586,063516586
167,MELAKA,"PPD MELAKA TENGAH",Jenis Kebangsaan (C),MBC2075,SJK(C) BUKIT BERUANG,BUKIT BERUANG,MELAKA,75450,06-2324512,062324512
168,MELAKA,"PPD MELAKA TENGAH",Jenis Kebangsaan (C),MBC2076,SJK(C) CHENG,"JALAN CHENG, CHENG",MELAKA,75250,063358714,063357437
169,MELAKA,"PPD MELAKA TENGAH",Jenis Kebangsaan (C),MBC2077,SJK(C) AYER KEROH,"JALAN LAMA AYER KEROH, KAMPUNG BARU AYER KEROH",MELAKA,75450,062320952,062320952
170,MELAKA,"PPD MELAKA TENGAH",Jenis Kebangsaan (C),MBC2078,SJK(C) TIANG DUA,KM 16 KG BARU  TIANG DUA,MELAKA,75460,062681836,062683837
171,MELAKA,"PPD MELAKA TENGAH",Jenis Kebangsaan (C),MBC2079,SJK(C) BERTAM ULU,BERTAM ULU,MELAKA,76450,063122853,063122853
172,MELAKA,"PPD MELAKA TENGAH",Jenis Kebangsaan (C),MBC2080,SJK(C) SUNGAI UDANG,SG UDANG,MELAKA,76300,063512205,063512205
173,MELAKA,"PPD MELAKA TENGAH",Jenis Kebangsaan (C),MBC2081,SJK(C) MALIM,"BT.3  3/4,  JALAN MALIM",MELAKA,75250,063340679,063340679
174,MELAKA,"PPD MELAKA TENGAH",Jenis Kebangsaan (C),MBC2082,SJK(C) YU HWA,"KM4, JALAN BACHANG",MELAKA,75350,063344011,063344011
175,MELAKA,"PPD MELAKA TENGAH",Jenis Kebangsaan (T),MBD2083,SJK(T) MELAKA (KUBU),JALAN HANG TUAH,MELAKA,75300,062827195,062827195
176,MELAKA,"PPD MELAKA TENGAH",Jenis Kebangsaan (T),MBD2084,SJK(T) BUKIT LINTANG,"KM 13, JALAN TAMBAK PAYA, AYER MOLEK",MELAKA,75460,06-2687379,062687379
177,MELAKA,"PPD MELAKA TENGAH",Jenis Kebangsaan (T),MBD2085,SJK(T) PAYA RUMPUT,"KM 13, PAYA RUMPUT",MELAKA,76450,063162612,063162612
178,MELAKA,"PPD MELAKA TENGAH",Kebangsaan,MBA2001,SK BUKIT CHINA,155-A JALAN PUTERI HANG LI POH,MELAKA,75100,062824752,062824752
179,MELAKA,"PPD MELAKA TENGAH",Kebangsaan,MBA2002,SK UJONG PASIR,JALAN UJONG PASIR,MELAKA,75050,062817857,062817857
180,MELAKA,"PPD MELAKA TENGAH",Kebangsaan,MBA2003,SK PADANG TEMU,"KM.4.4,PADANG TEMU",MELAKA,75050,062847517,062867743
181,MELAKA,"PPD MELAKA TENGAH",Kebangsaan,MBA2004,SK SEMABOK,KM.4 SEMABOK,MELAKA,75050,062841104,062883740
182,MELAKA,"PPD MELAKA TENGAH",Kebangsaan,MBA2005,SK BENDAHARA SERI MAHARAJA,KM 8 KANDANG,MELAKA,75460,06-2681940,06-2681940
183,MELAKA,"PPD MELAKA TENGAH",Kebangsaan,MBA2006,SK BUKIT LINTANG,"KM 11, BUKIT LINTANG",MELAKA,75460,062681939,062681939
184,MELAKA,"PPD MELAKA TENGAH",Kebangsaan,MBA2007,SK PAYA DALAM,"Km. 14.5, KG. PAYA DALAM",MELAKA,75460,06-2681021,062681021
185,MELAKA,"PPD MELAKA TENGAH",Kebangsaan,MBA2008,SK PAYA REDAN,KM 19.3 KAMPUNG PAYA REDAN,MELAKA,75460,062687279,062687279
186,MELAKA,"PPD MELAKA TENGAH",Kebangsaan,MBA2009,SK TAMBAK PAYA,"KM. 13,  TAMBAK PAYA",MELAKA,75460,062683733,062683733
187,MELAKA,"PPD MELAKA TENGAH",Kebangsaan,MBA2010,SK AYER MOLEK,"KM 10 , AYER MOLEK",MELAKA,75460,062680169,062680170
188,MELAKA,"PPD MELAKA TENGAH",Kebangsaan,MBA2011,SK DUYONG,KM 6 DUYONG,MELAKA,75460,062680719,062685781
189,MELAKA,"PPD MELAKA TENGAH",Kebangsaan,MBA2012,SK DATO DEMANG HUSSIN,"KM. 9, BUKIT KATIL",MELAKA,75450,062320102,062522029
190,MELAKA,"PPD MELAKA TENGAH",Kebangsaan,MBA2013,SK BUKIT BERUANG,"KM 7.2, BUKIT BERUANG.",MELAKA,75450,06-2321494,062522466
191,MELAKA,"PPD MELAKA TENGAH",Kebangsaan,MBA2014,SK BUKIT BARU,"KM. 5, BUKIT BARU",MELAKA,75150,06-2827572,06-2827572
192,MELAKA,"PPD MELAKA TENGAH",Kebangsaan,MBA2015,SK PERINGGIT,"KM 4,JALAN PANTAI PERINGGIT",MELAKA,75400,062826693,062826696
193,MELAKA,"PPD MELAKA TENGAH",Kebangsaan,MBA2016,SK BATU BERENDAM,KM. 7.2 BATU  BERENDAM,MELAKA,75350,063171496,063175730
194,MELAKA,"PPD MELAKA TENGAH",Kebangsaan,MBA2019,SK KUBU,JALAN KG AMPAT,MELAKA,75300,062824415,062824415
195,MELAKA,"PPD MELAKA TENGAH",Kebangsaan,MBA2020,SK BACHANG,KM4 JALAN MALIM,MELAKA,75250,06-3352744,063365236
196,MELAKA,"PPD MELAKA TENGAH",Kebangsaan,MBA2021,SK LIMBONGAN,"KM 4,LIMBONGAN",MELAKA,75200,062840740,062840741
197,MELAKA,"PPD MELAKA TENGAH",Kebangsaan,MBA2022,SK KELEBANG BESAR,"KM 6.4, JALAN PULAU GADONG",MELAKA,75200,063353008,063357009
198,MELAKA,"PPD MELAKA TENGAH",Kebangsaan,MBA2023,SK BUKIT RAMBAI,KM 11 BUKIT RAMBAI,MELAKA TENGAH,75250,063353137,063353137
199,MELAKA,"PPD MELAKA TENGAH",Kebangsaan,MBA2024,SK LEREH,TANJONG KLING,MELAKA,76400,063154264,06-3154919
200,MELAKA,"PPD MELAKA TENGAH",Kebangsaan,MBA2025,SK KAMPONG GELAM,"KM 13, TANJONG KLING, MELAKA",TG. KLING,76400,063511160,063511180
201,MELAKA,"PPD MELAKA TENGAH",Kebangsaan,MBA2026,SK TANGGA BATU,"KM16, SUNGAI UDANG",MELAKA,76300,063511331,063511331
202,MELAKA,"PPD MELAKA TENGAH",Kebangsaan,MBA2027,SK SUNGAI UDANG,"BATU 11 1/2, SUNGAI UDANG",MELAKA,76300,063512164,063513163
203,MELAKA,"PPD MELAKA TENGAH",Kebangsaan,MBA2028,SK PANTAI KUNDOR,"KM16, PANTAI KUNDOR, TANJONG KLING",MELAKA,76400,063512702,063512702
204,MELAKA,"PPD MELAKA TENGAH",Kebangsaan,MBA2029,SK CHENG,KM.9 JALAN KRUBONG,MELAKA,75250,063341353,063341435
205,MELAKA,"PPD MELAKA TENGAH",Kebangsaan,MBA2030,SK KERUBONG,"KM16 KG KERUBONG,",MELAKA,75250,063360290,063359996
206,MELAKA,"PPD MELAKA TENGAH",Kebangsaan,MBA2031,SK PAYA RUMPUT,KM 12.8  PAYA RUMPUT,MELAKA,76450,063161024,063161524
207,MELAKA,"PPD MELAKA TENGAH",Kebangsaan,MBA2032,SK BERTAM HULU,KM. 13.6  KG. BERTAM HULU,MELAKA,76450,06-3123819,06-3123819
208,MELAKA,"PPD MELAKA TENGAH",Kebangsaan,MBA2033,SK ALAI,"KM 8, ALAI",MELAKA,75460,062682727,062686522
209,MELAKA,"PPD MELAKA TENGAH",Kebangsaan,MBA2034,SK TELOK MAS,"KM 10, KAMPUNG TELUK MAS,",MELAKA,75460,062618835,062617726
210,MELAKA,"PPD MELAKA TENGAH",Kebangsaan,MBA2035,SK PERNU,"KM.12, KG PERNU",MELAKA,75460,062619830,062619830
211,MELAKA,"PPD MELAKA TENGAH",Kebangsaan,MBA2038,SK KEM GERAKHAS,KEM SUNGAI UDANG,SUNGAI UDANG,76300,063531696,063531697
212,MELAKA,"PPD MELAKA TENGAH",Kebangsaan,MBA2039,SK PENDIDIKAN KHAS,KM 4 JALAN SEMABOK,MELAKA,75050,062840205,062810041
213,MELAKA,"PPD MELAKA TENGAH",Kebangsaan,MBA2040,SK AYER KEROH,LEBUH AYER KEROH,AYER KEROH,75450,062331146,062326148
214,MELAKA,"PPD MELAKA TENGAH",Kebangsaan,MBA2041,SK SERI DUYONG,KG PERMATANG DUYONG DUYONG,MELAKA,75460,062686594,062686594
215,MELAKA,"PPD MELAKA TENGAH",Kebangsaan,MBA2042,SK TAMAN BUKIT RAMBAI,BUKIT RAMBAI,MELAKA,75250,063517211,063517210
216,MELAKA,"PPD MELAKA TENGAH",Kebangsaan,MBA2043,SK MALIM,"KM6 JALAN MALIM, BERTAM MALIM",MELAKA,75250,063365690,063365772
217,MELAKA,"PPD MELAKA TENGAH",Kebangsaan,MBA2044,SK BATU BERENDAM 2,KM. 6.5 HANG TUAH JAYA,BATU BERENDAM,75350,063177589,063177502
218,MELAKA,"PPD MELAKA TENGAH",Kebangsaan,MBA2045,SK TANJUNG MINYAK,KM10 CHENG,MELAKA,75250,063373577,063374677
219,MELAKA,"PPD MELAKA TENGAH",Kebangsaan,MBA2046,SK TUN SYED AHMAD SHAHABUDIN,AYER KEROH,MELAKA,75450,062322984,062323043
220,MELAKA,"PPD MELAKA TENGAH",Kebangsaan,MBA2047,SK KAMPUNG TUN RAZAK,BUKIT KATIL,MELAKA,75450,062310804,062310859
221,MELAKA,"PPD MELAKA TENGAH",Kebangsaan,MBB2038,SK BANDAR HILIR,NO 17 JALAN PARAMESWARA,MELAKA,75000,062822896,062813798
222,MELAKA,"PPD MELAKA TENGAH",Kebangsaan,MBB2039,SK SERI BANDAR,"JALAN AIR LELEH,",MELAKA,75050,06-2831020,062831020
223,MELAKA,"PPD MELAKA TENGAH",Kebangsaan,MBB2040,SK TENGKERA 1,JALAN TENGKERA,MELAKA,75200,062824736,062824736
224,MELAKA,"PPD MELAKA TENGAH",Kebangsaan,MBB2041,SK TENGKERA DUA,JALAN TENGKERA,MELAKA,75200,062837268,062837268
225,MELAKA,"PPD MELAKA TENGAH",Kebangsaan,MBB2042,SK (P) DURIAN DAUN,JALAN DURIAN DAUN,MELAKA,75400,062824820,06-2824820
226,MELAKA,"PPD MELAKA TENGAH",Kebangsaan,MBB2043,SK JLN DATUK PALEMBANG,BUKIT BARU,MELAKA,75150,062324386,062313055
227,MELAKA,"PPD MELAKA TENGAH",Kebangsaan,MBB2044,SK METHODIST ACS (M),JALAN TENGKERA,MELAKA,75200,06-2822750,06-2822750
228,MELAKA,"PPD MELAKA TENGAH",Kebangsaan,MBB2045,SK (P) METHODIST 1 (M),440-B JALAN TENGKERA,MELAKA,75200,062823843,062846931
229,MELAKA,"PPD MELAKA TENGAH",Kebangsaan,MBB2046,SK (P) METHODIST 2 (M),440 B JALAN TENGKERA,MELAKA,75200,062829118,062829118
230,MELAKA,"PPD MELAKA TENGAH",Kebangsaan,MBB2047,SK ST FRANCIS,"55,JALAN CHAN KOON CHENG",MELAKA,75000,062823432,062823432
231,MELAKA,"PPD MELAKA TENGAH",Kebangsaan,MBB2048,"SK CONVENT OF THE INFANT JESUS 1 (M)","144, JALAN PARAMESWARA",MELAKA,75000,062838180,062838182
232,MELAKA,"PPD MELAKA TENGAH",Kebangsaan,MBB2049,SK CONVENT OF THE INFANT JESUS (2),"144, JLN. PARAMESWARA",MELAKA,75000,06-2823507,06-2823507
233,MELAKA,"PPD MELAKA TENGAH",Kebangsaan,MBB2051,SK SACRED HEART,NO.7 JALAN PARAMESWARA,MELAKA,75000,062826129,062826129
234,MELAKA,"PPD MELAKA TENGAH",Kebangsaan,MCT2001,SEKOLAH RENDAH ARAB JAIM PERNU,"KM12, KAMPUNG PERNU",MELAKA,75460,062618236,062618236
235,MELAKA,"PPD MELAKA TENGAH",Kebangsaan,MCT2002,"SEKOLAH RENDAH ARAB BATANG TIGA TIMUR","KM 8 , JALAN BUKIT RAMBAI, MELAKA",MELAKA,75250,063155824,063155824
236,MELAKA,"PPD MELAKA TENGAH",Kebangsaan,MCT2003,"SEKOLAH RENDAH ARAB JAIM TUN RAZAK","LOT 1679, JALAN WAKAF UTAMA 7, KG TUN RAZAK, BUKIT KATIL",MELAKA,75450,062319895,062319895
