1,PAHANG,PPD BENTONG,Jenis Kebangsaan (C),CBC0023,SJK(C) KHAI MUN PAGI,JALAN CHUI YIN,BENTONG,28700,092221122,092223121
2,PAHANG,PPD BENTONG,Jenis Kebangsaan (C),CBC0024,SJK(C) KHAI MUN REPAS,KG REPAS,BENTONG,28700,092221850,092221850
3,PAHANG,PPD BENTONG,Jenis Kebangsaan (C),CBC0025,SJK(C) KHAI MUN CHAMANG,"JALANTEH ENG SUAN, KAMPUNG CHAMANG",BENTONG,28700,092235758,092235758
4,PAHANG,PPD BENTONG,Jenis Kebangsaan (C),CBC0027,SJK(C) KETARI,KAMPUNG BARU KETARI,BENTONG,28700,092223922,092223922
5,PAHANG,PPD BENTONG,Jenis Kebangsaan (C),CBC0028,SJK(C) PERTING,KG PERTING,BENTONG,28700,092223288,092221388
6,PAHANG,PPD BENTONG,Jenis Kebangsaan (C),CBC0029,SJK(C) SUNGAI DUA,KG. SUNGAI DUA,KARAK,28600,092311619,092311619
7,PAHANG,PPD BENTONG,Jenis Kebangsaan (C),CBC0030,SJK(C) KARAK,KM 5 JALAN BESAR KARAK,KARAK,28600,092311228,092311227
8,PAHANG,PPD BENTONG,Jenis Kebangsaan (C),CBC0033,SJK(C) TELEMONG,"JALAN BESAR TELEMONG,",KARAK,28620,092399155,092399155
9,PAHANG,PPD BENTONG,Jenis Kebangsaan (C),CBC0034,SJK(C) MANCHIS,JALAN BESAR MANCHIS,BENTONG,28730,092457479,092457479
10,PAHANG,PPD BENTONG,Jenis Kebangsaan (C),CBC0035,SJK(C) BUKIT TINGGI,"KM32, LEBUHRAYA KARAK KL",BENTONG,28750,092330430,092330430
11,PAHANG,PPD BENTONG,Jenis Kebangsaan (C),CBC0036,SJK(C) LURAH BILUT,FELDA LURAH BILUT,LURAH BILUT,28800,092377735,092377735
12,PAHANG,PPD BENTONG,Jenis Kebangsaan (C),CBK0026,SJK(C) SG PENJURING,"BATU 8,JALAN TRAS",BENTONG,28700,092379470,092379470
13,PAHANG,PPD BENTONG,Jenis Kebangsaan (T),CBD0038,SJK(T) BENTONG,JALAN CHAMANG,BENTONG,28700,092225322,092225322
14,PAHANG,PPD BENTONG,Jenis Kebangsaan (T),CBD0039,SJK(T) SRI TELEMONG,KAMPUNG SRI TELEMONG,KARAK,28620,092311625,092311624
15,PAHANG,PPD BENTONG,Jenis Kebangsaan (T),CBD0040,SJK(T) LADANG RENJOK,JALAN MANCHIS,KARAK,28620,092399059,092399061
16,PAHANG,PPD BENTONG,Jenis Kebangsaan (T),CBD0041,SJK(T) KARAK,JALAN BESAR,KARAK,28600,092311431,092311431
17,PAHANG,PPD BENTONG,Jenis Kebangsaan (T),CBD0042,SJK(T) LURAH BILUT,"FELDA LURAH BILUT,PAHANG DM",LURAH BILUT,28800,092375421,092375421
18,PAHANG,PPD BENTONG,Kebangsaan,CBA0001,SK FELDA LURAH BILUT,"LURAH BILUT, PAHANG DARUL MAKMUR",LURAH BILUT,28800,092377355,092375131
19,PAHANG,PPD BENTONG,Kebangsaan,CBA0002,SK LEBU,"KG LEBU, LURAH BILUT",LURAH BILUT,28800,092377899,092375140
20,PAHANG,PPD BENTONG,Kebangsaan,CBA0003,SK SRI LAYANG,GOHTONG JAYA,"GENTING HIGHLANDS",69000,"0361001397","0361001397"
21,PAHANG,PPD BENTONG,Kebangsaan,CBA0004,SK TUANKU FATIMAH,KAMPUNG BARU,BENTONG,28700,092224440,092224440
22,PAHANG,PPD BENTONG,Kebangsaan,CBA0005,SK FELDA KG. SERTIK,FELDA KG. SERTIK,KARAK,28610,092318499,092318499
23,PAHANG,PPD BENTONG,Kebangsaan,CBA0006,SK SUNGAI DUA,"KG SUNGAI DUA, KARAK",BENTONG,28600,092320040,092311922
24,PAHANG,PPD BENTONG,Kebangsaan,CBA0007,SK KARAK,JLN KAMPUNG TOK MUDA HAJI MOHAMED,KARAK,28600,092313231,092311899
25,PAHANG,PPD BENTONG,Kebangsaan,CBA0008,SK JAMBU RIAS,KG JAMBU RIAS,KARAK,28600,092381422,092381103
26,PAHANG,PPD BENTONG,Kebangsaan,CBA0009,SK PELANGAI,KAMPUNG JAWI-JAWI,BENTONG,28740,092457481,092457481
27,PAHANG,PPD BENTONG,Kebangsaan,CBA0010,SK SIMPANG PELANGAI,"SIMPANG PELANGAI,",BENTONG,28740,092391609,092391609
28,PAHANG,PPD BENTONG,Kebangsaan,CBA0011,SK KG SHAFIE,KG SHAFIE,BENTONG,28730,092458879,092458879
29,PAHANG,PPD BENTONG,Kebangsaan,CBA0013,SK JANDA BAIK,KAMPONG JANDA BAIK,BENTONG,28750,092330363,092330363
30,PAHANG,PPD BENTONG,Kebangsaan,CBA0015,SK (FELDA) MEMPAGA 1,FELDA MEMPAGA 1,KARAK,28600,092232911,092228150
31,PAHANG,PPD BENTONG,Kebangsaan,CBA0016,SK (FELDA) KEMASUL,FELDA KEMASUL,TRIANG,28310,092450137,092458541
32,PAHANG,PPD BENTONG,Kebangsaan,CBA0017,SK (FELDA) MEMPAGA 2,FELDA MEMPAGA  2,KARAK,28600,092377124,092375122
33,PAHANG,PPD BENTONG,Kebangsaan,CBA0018,SK LENTANG,"KM 52, LEBUHRAYA KL-KARAK,",BENTONG,28750,092330689,092330689
34,PAHANG,PPD BENTONG,Kebangsaan,CBA0019,SK BUKIT PIATU,BENUS,BENTONG,28700,092201312,092201314
35,PAHANG,PPD BENTONG,Kebangsaan,CBA7107,SK (FELDA) SG KEMAHAL,FELDA SUNGAI KEMAHAL,TRIANG,28320,092459718,092450091
36,PAHANG,PPD BENTONG,Kebangsaan,CBA7108,SK (FELDA) CHEMOMOI,FELDA CHEMOMOI,BANDAR BERA,28310,092458394,092458828
37,PAHANG,PPD BENTONG,Kebangsaan,CBB0015,SK SULAIMAN,JALAN ANNUAR,BENTONG,28700,092221061,092233498
38,PAHANG,PPD BENTONG,Kebangsaan,CBB0054,SK SG MARONG,JALAN TENGKU SULAIMAN,BENTONG,28700,092221735,092221735
39,PAHANG,PPD BERA,Jenis Kebangsaan (C),CBCA079,SJK(C) TRIANG (1),TRIANG,TRIANG,28300,092501214,092501210
40,PAHANG,PPD BERA,Jenis Kebangsaan (C),CBCA080,SJK(C) TRIANG (2),"LOT PT 17961, JALAN TMN LITAR JAYA, TRIANG.",TRIANG,28300,092502102,092502103
41,PAHANG,PPD BERA,Jenis Kebangsaan (C),CBCA082,SJK(C) KERAYONG,KAMPUNG BARU KERAYONG,BERA,28200,092502501,092502502
42,PAHANG,PPD BERA,Jenis Kebangsaan (C),CBCA083,SJK(C) MENGKUANG,MENGKUANG,MENGKUANG,28340,092437368,092437368
43,PAHANG,PPD BERA,Jenis Kebangsaan (C),CBCA084,SJK(C) MENGKARAK,KG. BARU MENGKARAK,BANDAR BERA,28200,092445271,092445271
44,PAHANG,PPD BERA,Jenis Kebangsaan (C),CBCA086,SJK(C) KEMASUL,LADANG KEMASUL,MENGKARAK,28200,TIADA,TIADA
45,PAHANG,PPD BERA,Jenis Kebangsaan (C),CBCA088,SJK(C) MENTERI,KG. MENTERI,TRIANG,28300,092554959,092554959
46,PAHANG,PPD BERA,Jenis Kebangsaan (C),CBKA081,SJK(C) KEMAYAN,KEMAYAN,KEMAYAN,28380,092407911,092407910
47,PAHANG,PPD BERA,Jenis Kebangsaan (T),CBDA097,SJK(T) LDG MENTERI,TRIANG,TRIANG,28300,092505062,092506372
48,PAHANG,PPD BERA,Jenis Kebangsaan (T),CBDA098,SJK(T) LDG KARMEN,LADANG KARMEN,BERA,28200,092446089,092446089
49,PAHANG,PPD BERA,Jenis Kebangsaan (T),CBDA099,SJK(T) LDG KEMAYAN,BATU 3/4 JALAN BAHAU,KEMAYAN,28380,092407125,092407139
50,PAHANG,PPD BERA,Kebangsaan,CBAA001,SK BUKIT GEMURUH (JHEOA),KG. BUKIT GEMURUH,BANDAR BERA,28200,TIADA,TIADA
51,PAHANG,PPD BERA,Kebangsaan,CBAA002,SK ISKANDAR,D/A PEJABAT PENDIDIKAN DAERAH BERA,BANDAR BERA,28200,TIADA,TIADA
52,PAHANG,PPD BERA,Kebangsaan,CBAA009,SK (LKTP) TEMBANGAU 1,FELDA TEMBANGAU 01,KEMAYAN,28380,064685381,064685381
53,PAHANG,PPD BERA,Kebangsaan,CBAA010,SK LKTP TEMBANGAU 3,LKTP TEMBANGAU 3,KEMAYAN,28380,064685655,064685655
54,PAHANG,PPD BERA,Kebangsaan,CBAA011,SK LKTP TEMBANGAU 6,"FELDA TEMBANGAU 6,",KEMAYAN,28380,064683093,064683093
55,PAHANG,PPD BERA,Kebangsaan,CBAA036,SK DURIAN TAWAR,SK DURIAN TAWAR,BANDAR BERA,28200,092446067,092445011
56,PAHANG,PPD BERA,Kebangsaan,CBAA038,SK KERAYONG,SK KERAYONG,BANDAR BERA,28200,092505129,092505129
57,PAHANG,PPD BERA,Kebangsaan,CBAA039,SK KUALA TRIANG,"JALAN BUKIT CHE MAN, KAMPUNG KUALA TRIANG",BANDAR BERA,28200,092790091,092790092
58,PAHANG,PPD BERA,Kebangsaan,CBAA040,SK BATU PAPAN,KAMPUNG BATU PAPAN,BANDAR BERA,28200,092493285,092493285
59,PAHANG,PPD BERA,Kebangsaan,CBAA041,SK KUALA BERA,KUALA BERA,BANDAR BERA,28200,092493373,092493363
60,PAHANG,PPD BERA,Kebangsaan,CBAA042,SK BT ROK,"KG. BUKIT ROK,",BANDAR BERA,28200,092790277,092561064
61,PAHANG,PPD BERA,Kebangsaan,CBAA045,SK (FELDA) TRIANG 3,FELDA TRIANG 3,TRIANG,28300,092469970,092469970
62,PAHANG,PPD BERA,Kebangsaan,CBAA057,SK (FELDA) BT MENDI,FELDA BUKIT MENDI,TRIANG,28320,092457154,092457154
63,PAHANG,PPD BERA,Kebangsaan,CBAA058,SK (FELDA) BT  PUCHONG,(FELDA) BUKIT PUCHONG,TRIANG,28300,092459616,092459616
64,PAHANG,PPD BERA,Kebangsaan,CBAA109,SK (FELDA) BT KEPAYANG,FELDA BUKIT KEPAYANG,TRIANG,28330,092489646,092489018
65,PAHANG,PPD BERA,Kebangsaan,CBAA121,SK (FELDA) MAYAM,SK FELDA MAYAM,TRIANG,28300,092481033,092481033
66,PAHANG,PPD BERA,Kebangsaan,CBAA123,SK BOHOR BAHARU,KAMPUNG BOHOR BARU,BANDAR BERA,28200,092496988,092496988
67,PAHANG,PPD BERA,Kebangsaan,CBAA130,SK (FELDA) PURUN,FELDA PURUN,BANDAR BERA,28200,092481978,092481978
68,PAHANG,PPD BERA,Kebangsaan,CBAA135,SK (FELDA) TEMENTI,BANDAR 32 BERA,TRIANG,28300,092461979,092461979
69,PAHANG,PPD BERA,Kebangsaan,CBAA145,SK (FELDA) SEBERTAK,FELDA SEBERTAK,BANDAR BERA,28200,092461924,092463574
70,PAHANG,PPD BERA,Kebangsaan,CBAA146,SK (FELDA) RENTAM,FELDA RENTAM,BERA,28200,092461951,092461951
71,PAHANG,PPD BERA,Kebangsaan,CBAA147,SK KEMAYAN,KG. DATO' SRI HAMZAH,KEMAYAN,28380,092407657,092407901
72,PAHANG,PPD BERA,Kebangsaan,CBAA148,SK (FELDA) KUMAI,FELDA  KUMAI,TRIANG,28300,092491385,092491385
73,PAHANG,PPD BERA,Kebangsaan,CBAA149,SK LKTP TRIANG 2,FELDA TRIANG 1,TRIANG,28300,092561582,092561246
74,PAHANG,PPD BERA,Kebangsaan,CBAA150,SK SRI BUNTAR,KG. SRI BUNTAR,TRIANG,28300,092505620,092505620
75,PAHANG,PPD BERA,Kebangsaan,CBAA151,SK MENGKUANG,FELDA MENGKUANG,TRIANG,28340,092438397,092438397
76,PAHANG,PPD BERA,Kebangsaan,CBAA152,SK KERAYONG JAYA,JALAN TEMERLOH,BERA,28200,092507086,092507087
77,PAHANG,"PPD CAMERON HIGHLANDS",Jenis Kebangsaan (C),CBC1004,SJK(C) CAMERON,JALAN BESAR RINGLET KE TANAH RATA,RINGLET,39200,054957420,054957420
78,PAHANG,"PPD CAMERON HIGHLANDS",Jenis Kebangsaan (C),CBC1005,SJK(C) TANAH RATA,TANAH RATA,TANAH RATA,39000,054915670,054915670
79,PAHANG,"PPD CAMERON HIGHLANDS",Jenis Kebangsaan (C),CBC1006,SJK(C) BRINCHANG,JALAN BESAR BRINCHANG,BRINCHANG,39100,054911286,054911286
80,PAHANG,"PPD CAMERON HIGHLANDS",Jenis Kebangsaan (C),CBC1007,SJK(C) KG RAJA,"JALAN BESAR KAMPUNG RAJA, CAMERON HIGHLANDS",TANAH RATA,39010,054981271,054981271
81,PAHANG,"PPD CAMERON HIGHLANDS",Jenis Kebangsaan (C),CBC1008,SJK(C) BERTAM VALLEY,BERTAM VALLEY,RINGLET,39200,054957505,054957505
82,PAHANG,"PPD CAMERON HIGHLANDS",Jenis Kebangsaan (C),CBC1010,SJK(C) TRINGKAP,"JALAN BESAR TRINGKAP,CAMERON HIGHLANDS",BRINCHANG,39100,054961086,054961086
83,PAHANG,"PPD CAMERON HIGHLANDS",Jenis Kebangsaan (C),CBC1011,SJK(C) KEA FARM,S.J.K(C) KEA FARM,BRINCHANG,39100,054961761,054961761
84,PAHANG,"PPD CAMERON HIGHLANDS",Jenis Kebangsaan (C),CBK1009,SJK(C) KUALA TERLA,JALAN BESAR KUALA TERLA,TANAH RATA,39000,054981169,054981169
85,PAHANG,"PPD CAMERON HIGHLANDS",Jenis Kebangsaan (T),CBD1012,SJK(T) TANAH RATA,"TANAH RATA, CAMERON HIGHLANDS",TANAH RATA,39000,054914191,054914191
86,PAHANG,"PPD CAMERON HIGHLANDS",Jenis Kebangsaan (T),CBD1013,SJK(T) LDG BOH (1),LADANG BOH 1 RINGLET,RINGLET,39200,054931210,054931210
87,PAHANG,"PPD CAMERON HIGHLANDS",Jenis Kebangsaan (T),CBD1014,SJK(T) LADANG BOH (2),LADANG BOH 2,RINGLET,39200,054931058,054931058
88,PAHANG,"PPD CAMERON HIGHLANDS",Jenis Kebangsaan (T),CBD1015,SJK(T) LDG SG PALAS,LADANG SUNGAI PALAS,TANAH RATA,39007,054961979,054961979
89,PAHANG,"PPD CAMERON HIGHLANDS",Jenis Kebangsaan (T),CBD1016,SJK(T) LADANG BLUE VALLEY,"JALAN BESAR KAMPUNG RAJA KE LADANG BLUE VALLEY",TANAH RATA,39007,054983007,054983007
90,PAHANG,"PPD CAMERON HIGHLANDS",Jenis Kebangsaan (T),CBD1017,SJK(T) SHUM YIP LEONG,JALAN LDG.SHUM YIP LEONG,RINGLET,39200,054958521,054958521
91,PAHANG,"PPD CAMERON HIGHLANDS",Jenis Kebangsaan (T),CBD1019,SJK(T) RINGLET,JALAN BESAR RINGLET,RINGLET,39200,054958509,054958509
92,PAHANG,"PPD CAMERON HIGHLANDS",Jenis Kebangsaan (T),CBD1020,SJK(T) KUALA TERLA,KUALA TERLA TANAH RATA,TANAH RATA,39010,054983133,054983133
93,PAHANG,"PPD CAMERON HIGHLANDS",Kebangsaan,CBA1001,SK TANAH RATA,TANAH RATA,TANAH RATA,39000,054912202,054912202
94,PAHANG,"PPD CAMERON HIGHLANDS",Kebangsaan,CBA1002,SK TELANOK (JHEOA),D/A PPD CAMERON HIGHLANDS,TANAH RATA,39000,TIADA,TIADA
95,PAHANG,"PPD CAMERON HIGHLANDS",Kebangsaan,CBA1003,SK LEMOI (JHEOA),D/A PPD CAMERON HIGHLANDS,TANAH RATA,39000,TIADA,TIADA
96,PAHANG,"PPD CAMERON HIGHLANDS",Kebangsaan,CBA1004,SK MENSON (JHEOA),D/A PPD CAMERON HIGHLANDS,TANAH RATA,39000,TIADA,TIADA
97,PAHANG,"PPD CAMERON HIGHLANDS",Kebangsaan,CBA1005,SK RPS TERISU (JHEOA),"D/A PEJABAT PENDIDIKAN DAERAH CAMERON HIGHLANDS",TANAH RATA,39000,TIADA,TIADA
98,PAHANG,"PPD CAMERON HIGHLANDS",Kebangsaan,CBA1006,SK BRINCHANG,JALAN BESAR BRINCHANG,BRINCHANG,39100,054914892,054914892
99,PAHANG,"PPD CAMERON HIGHLANDS",Kebangsaan,CBA1007,SK RINGLET,JALAN BESAR RINGLET KE TANAH RATA,RINGLET,39200,054958859,054958859
100,PAHANG,"PPD CAMERON HIGHLANDS",Kebangsaan,CBA1008,SK KAMPUNG RAJA,JALAN BESAR KAMPUNG RAJA,TANAH RATA,39010,054982452,054982452
101,PAHANG,"PPD CAMERON HIGHLANDS",Kebangsaan,CBB1002,SK CONVENT,TANAH RATA,TANAH RATA,39000,054911045,054911045
102,PAHANG,PPD JERANTUT,Jenis Kebangsaan (C),CBC2033,SJK(C) SG JAN,JALAN BOMBA,JERANTUT,27000,092601572,092601570
103,PAHANG,PPD JERANTUT,Jenis Kebangsaan (C),CBC2034,SJK(C) BATU BALAI,KAMPUNG BATU BALAI,JERANTUT,27030,092665820,092665820
104,PAHANG,PPD JERANTUT,Jenis Kebangsaan (C),CBC2035,SJK(C) JERANSONG,KG.JERANSONG,JERANTUT,27000,092665270,092665270
105,PAHANG,PPD JERANTUT,Jenis Kebangsaan (C),CBC2036,SJK(C) DAMAK,JALAN ULU CHEKA,JERANTUT,27030,092681721,092681721
106,PAHANG,PPD JERANTUT,Jenis Kebangsaan (T),CBD2037,SJK(TAMIL) JERANTUT,JALAN BENTA,JERANTUT,27000,092671885,092671885
107,PAHANG,PPD JERANTUT,Kebangsaan,CBA2001,SK BANDAR JERANTUT,JALAN DATO' KURNIA BUDIMAN,JERANTUT,27000,092601250,092601250
108,PAHANG,PPD JERANTUT,Kebangsaan,CBA2002,SK KG BAHARU,"KAMPUNG BAHARU, JALAN BENTA",JERANTUT,27000,092667079,092667079
109,PAHANG,PPD JERANTUT,Kebangsaan,CBA2003,SK DAMAK,KAMPUNG DAMAK,JERANTUT,27030,092681770,092681770
110,PAHANG,PPD JERANTUT,Kebangsaan,CBA2004,SK PAWANG NONG,KG TENGAH ULU CHEKA,JERANTUT,27030,092680955,092680955
111,PAHANG,PPD JERANTUT,Kebangsaan,CBA2005,SK PEDAH,JERANTUT FERI,JERANTUT,27150,092601721,092601721
112,PAHANG,PPD JERANTUT,Kebangsaan,CBA2006,SK TANAH ROM,"KM16, JALAN JERANTUT-MARAN, JERANTUT FERI",JERANTUT,27150,092662564,092662564
113,PAHANG,PPD JERANTUT,Kebangsaan,CBA2007,SK TEBING TINGGI,JALAN TEMERLOH,JERANTUT,27000,093011297,093011076
114,PAHANG,PPD JERANTUT,Kebangsaan,CBA2008,SK BUKIT DINDING,"KG BUKIT DINDING, KM 18 JALAN JERANTUT / TEMERLOH",JERANTUT,27000,092667379,092667379
115,PAHANG,PPD JERANTUT,Kebangsaan,CBA2009,SK GINTONG,KG. GINTONG,JERANTUT,27000,TIADA,TIADA
116,PAHANG,PPD JERANTUT,Kebangsaan,CBA2010,SK (FELDA) JENGKA 24,FELDA JENGKA 24,JENGKA,26400,094863460,094863460
117,PAHANG,PPD JERANTUT,Kebangsaan,CBA2011,SK DURIAN HIJAU,KAMPUNG DURIAN HIJAU,JERANTUT,27090,093011150,TIADA
118,PAHANG,PPD JERANTUT,Kebangsaan,CBA2012,SK BUKIT NIKMAT,"KG BUKIT NIKMAT, JALAN PULAU TAWAR",JERANTUT,27090,094863433,094863433
119,PAHANG,PPD JERANTUT,Kebangsaan,CBA2013,SK PULAU TAWAR,KM19-KG BUKIT RANG,JERANTUT,27050,092672381,092672381
120,PAHANG,PPD JERANTUT,Kebangsaan,CBA2014,SK PERIAN,KAMPUNG PERIAN,JERANTUT,27050,092666276,092666276
121,PAHANG,PPD JERANTUT,Kebangsaan,CBA2015,SK (FELDA) SG TEKAM,FELDA SUNGAI TEKAM,JERANTUT,27070,094717075,094717689
122,PAHANG,PPD JERANTUT,Kebangsaan,CBA2016,SK PULAU MANSOK,KAMPUNG PULAU MANSOK,JERANTUT,27000,092661440,092661440
123,PAHANG,PPD JERANTUT,Kebangsaan,CBA2017,SK TEH,KM6 JALAN TEMBELING,JERANTUT,27000,092671605,092667605
124,PAHANG,PPD JERANTUT,Kebangsaan,CBA2018,SK KUALA TEMBELING,KUALA TEMBELING,JERANTUT,27020,093086490,"6093086490"
125,PAHANG,PPD JERANTUT,Kebangsaan,CBA2019,SK PASIR DURIAN,KAMPUNG PASIR DURIAN,JERANTUT,27020,093010010,TIADA
126,PAHANG,PPD JERANTUT,Kebangsaan,CBA2020,SK CHEBONG,KAMPUNG CHEBONG,JERANTUT,27000,093088003,093088003
127,PAHANG,PPD JERANTUT,Kebangsaan,CBA2021,SK MERTING,KAMPUNG MERTING,JERANTUT,27000,093131068,093131068
128,PAHANG,PPD JERANTUT,Kebangsaan,CBA2022,SK KUALA TAHAN,PETI SURAT NO 16 PEJABAT POS JERANTUT,JERANTUT,27000,092667618,092667618
129,PAHANG,PPD JERANTUT,Kebangsaan,CBA2023,SK KG PAGI,"KAMPUNG PAGI, ULU TEMBELING",JERANTUT,27020,TIADA,TIADA
130,PAHANG,PPD JERANTUT,Kebangsaan,CBA2024,SK KUALA SAT,"KG. KUALA SAT, ULU TEMBELING",JERANTUT,27020,TIADA,TIADA
131,PAHANG,PPD JERANTUT,Kebangsaan,CBA2025,SK ULU TEMBELING,ULU TEMBELING,JERANTUT,27020,TIADA,TIADA
132,PAHANG,PPD JERANTUT,Kebangsaan,CBA2026,SK BUKIT MAT DALING,JALAN ULU TEMBELING,JERANTUT,27020,TIADA,TIADA
133,PAHANG,PPD JERANTUT,Kebangsaan,CBA2027,SK GUSAI,ULU TEMBELING,JERANTUT,27020,TIADA,TIADA
134,PAHANG,PPD JERANTUT,Kebangsaan,CBA2039,SK (FELDA) PADANG PIOL,PADANG PIOL,JERANTUT,27040,092668590,092668590
135,PAHANG,PPD JERANTUT,Kebangsaan,CBA2040,SK LKTP TEKAM UTARA,FELDA SG TEKAM UTARA,JERANTUT,27060,094812103,094812103
136,PAHANG,PPD JERANTUT,Kebangsaan,CBA2042,SK (FELDA) KOTA GELANGGI 1,FELDA KOTA GELANGGI 01,JERANTUT,27000,092051466,092051466
137,PAHANG,PPD JERANTUT,Kebangsaan,CBA2044,SK (FELDA) SG RETANG,"JALAN JELAWAT, FELDA SUNGAI RETANG,",JERANTUT,27000,093132834,093132834
138,PAHANG,PPD JERANTUT,Kebangsaan,CBA2045,SK (FELDA) KOTA GELANGGI 2,FELDA KOTA GELANGGI 02,JERANTUT,27000,094811534,094811534
139,PAHANG,PPD JERANTUT,Kebangsaan,CBA2046,SK (LKTP) KOTA GELANGGI 3,FELDA KOTA GELANGGI 3,JERANTUT,27000,092051503,092051503
140,PAHANG,PPD JERANTUT,Kebangsaan,CBA2047,"SK P. PENYELIDIKAN PERTANIAN TUN RAZAK",PUSAT PENYELIDIKAN PERTANIAN TUN RAZAK,JERANTUT,27000,094718162,094717807
141,PAHANG,PPD JERANTUT,Kebangsaan,CBA2048,SK BATU BALAI,JALAN BENTA,JERANTUT,27030,092665529,092665529
142,PAHANG,PPD JERANTUT,Kebangsaan,CBA2049,SK SG. KIOL (JHEOA),SUNGAI KIOL,JERANTUT,27000,093010470,TIADA
143,PAHANG,PPD JERANTUT,Kebangsaan,CBA2050,SK TEMIN,"KM 4, KG. TEMIN",JERANTUT,27000,092667211,092601210
144,PAHANG,PPD JERANTUT,Kebangsaan,CBA2051,SK LKTP JENGKA 25,FELDA JENGKA 25,BANDAR JENGKA,26400,094862638,094862638
145,PAHANG,PPD JERANTUT,Kebangsaan,CBA2052,SK JERANTUT JAYA,JALAN SUNGAI JAN,JERANTUT,27000,092601010,092601011
146,PAHANG,PPD JERANTUT,Kebangsaan,CBA2053,SK INDERAPURA,"KM1, JALAN JERANTUT - BENTA",JERANTUT,27000,092601661,092601660
147,PAHANG,PPD JERANTUT,Kebangsaan,CBA4024,SK (FELDA) LEPAR UTARA 1,FELDA LEPAR UTARA 01,BANDAR JENGKA,26400,094741570,094742170
148,PAHANG,PPD JERANTUT,Kebangsaan,CBA4026,SK (FELDA) LEPAR UTARA 8,WAKIL POS LEPAR UTARA 3,JERANTUT,27000,094741133,094741188
149,PAHANG,PPD JERANTUT,Kebangsaan,CBB2031,SK JERANTUT,JALAN BENTA,JERANTUT,27000,092662278,092662278
150,PAHANG,PPD KUANTAN,Jenis Kebangsaan (C),CBC4040,SJK(C) SEMAMBU,SEMAMBU,KUANTAN,25350,095739610,095736198
151,PAHANG,PPD KUANTAN,Jenis Kebangsaan (C),CBC4041,SJK(C) CHUNG CHING,TANAH PUTIH,KUANTAN,25100,095141375,095148075
152,PAHANG,PPD KUANTAN,Jenis Kebangsaan (C),CBC4042,SJK(C) KUANG HWA,INDERA MAHKOTA,KUANTAN,25200,095738988,095736988
153,PAHANG,PPD KUANTAN,Jenis Kebangsaan (C),CBC4043,SJK(C) PEI CHAI,JALAN AIR PUTIH,KUANTAN,25300,095662060,095679051
154,PAHANG,PPD KUANTAN,Jenis Kebangsaan (C),CBC4044,SJK(C) GAMBANG,JALAN GAMBANG,KUANTAN,26300,095483252,095483252
155,PAHANG,PPD KUANTAN,Jenis Kebangsaan (C),CBC4045,SJK(C) YOKE SHIAN,KG JAYA GADING,KUANTAN,26070,095385233,095385233
156,PAHANG,PPD KUANTAN,Jenis Kebangsaan (C),CBC4046,SJK(C) KONG MIN,BESERAH,KUANTAN,26100,095447969,095445468
157,PAHANG,PPD KUANTAN,Jenis Kebangsaan (C),CBC4047,SJK ( C ) LEMBING,SUNGAI LEMBING,KUANTAN,26200,095411206,095411206
158,PAHANG,PPD KUANTAN,Jenis Kebangsaan (C),CBC4048,SJK(C) PANCHING,JALAN SUNGAI LEMBING,KUANTAN,26090,095431300,095431300
159,PAHANG,PPD KUANTAN,Jenis Kebangsaan (C),CBC4050,SJK(C) POOI MING,SUNGAI SOI,KUANTAN,25150,095341311,095341311
160,PAHANG,PPD KUANTAN,Jenis Kebangsaan (C),CBC4051,SJK(C ) TAMAN TAS,"BATU 6, JALAN GAMBANG",KUANTAN,25150,095361712,095361712
161,PAHANG,PPD KUANTAN,Jenis Kebangsaan (T),CBD4051,SJK(T) BANDAR INDERA MAHKOTA,BANDAR  INDERA MAHKOTA,KUANTAN,25200,095721612,095721611
162,PAHANG,PPD KUANTAN,Jenis Kebangsaan (T),CBD4052,SJK(T) LADANG JERAM,PETI SURAT NO.278,KUANTAN,25990,"0199167235",TIADA
163,PAHANG,PPD KUANTAN,Jenis Kebangsaan (T),CBD4053,SJK(T) LADANG KUALA REMAN,JALAN SG LEMBING,KUANTAN,26090,095431220,095431220
164,PAHANG,PPD KUANTAN,Kebangsaan,CBA4001,SK TERUNTUM,JALAN GAMBUT,KUANTAN,25000,095158149,095157963
165,PAHANG,PPD KUANTAN,Kebangsaan,CBA4002,SK GALING,JALAN BESERAH,KUANTAN,25250,095663985,095602012
166,PAHANG,PPD KUANTAN,Kebangsaan,CBA4003,SK BESERAH,KAMPUNG BUGIS,KUANTAN,26100,095447767,095445426
167,PAHANG,PPD KUANTAN,Kebangsaan,CBA4004,SK SUNGAI KARANG,JALAN KUANTAN-KEMAMAN,KUANTAN,26100,095447642,095445046
168,PAHANG,PPD KUANTAN,Kebangsaan,CBA4005,SK SUNGAI ULAR,"JLN KUANTAN -KEMAMAN,",KUANTAN,26080,095821092,095821093
169,PAHANG,PPD KUANTAN,Kebangsaan,CBA4006,SK BALOK,JALAN KEMAMAN,KUANTAN,26100,095834568,095836309
170,PAHANG,PPD KUANTAN,Kebangsaan,CBA4007,SK CHERATING,KUANTAN-KEMAMAN,KUANTAN,26080,095819015,095819015
171,PAHANG,PPD KUANTAN,Kebangsaan,CBA4008,SK KAMPONG PADANG,JALAN SUNGAI LEMBING,KUANTAN,25200,095732396,095732396
172,PAHANG,PPD KUANTAN,Kebangsaan,CBA4009,SK PANCHING,JALAN SUNGAI LEMBING,KUANTAN,26090,095431439,095431439
173,PAHANG,PPD KUANTAN,Kebangsaan,CBA4010,SK SUNGAI LEMBING,JALAN SUNGAI LEMBING,KUANTAN,26200,095411203,095411203
174,PAHANG,PPD KUANTAN,Kebangsaan,CBA4011,SK BATU TIGA,JALAN GAMBANG,KUANTAN,25150,095367498,095361495
175,PAHANG,PPD KUANTAN,Kebangsaan,CBA4012,SK PERMATANG BADAK,KAMPUNG PERMATANG BADAK,KUANTAN,25150,095362081,095364820
176,PAHANG,PPD KUANTAN,Kebangsaan,CBA4013,SK FAKEH ABD. SAMAD,JALAN GAMBANG,KUANTAN,25150,095393341,095393342
177,PAHANG,PPD KUANTAN,Kebangsaan,CBA4014,SK TANJUNG LUMPUR,TANJUNG LUMPUR,KUANTAN,26060,095341011,095343209
178,PAHANG,PPD KUANTAN,Kebangsaan,CBA4015,SK KEMPADANG,KG.KEMPADANG,KUANTAN,25150,095341378,095341072
179,PAHANG,PPD KUANTAN,Kebangsaan,CBA4016,SK KUALA PENOR,KUALA PENOR,KUANTAN,25150,095512042,095512049
180,PAHANG,PPD KUANTAN,Kebangsaan,CBA4017,SK CHEROK PALOH,SK CHEROK PALOH,KUANTAN,26060,094300486,094300541
181,PAHANG,PPD KUANTAN,Kebangsaan,CBA4019,SK JAYA GADING,KAMPUNG SERI DAMAI,KUANTAN,25150,095384599,095383254
182,PAHANG,PPD KUANTAN,Kebangsaan,CBA4020,SK NADAK,JALAN SUNGAI LEMBING,KUANTAN,26200,095431406,095431406
183,PAHANG,PPD KUANTAN,Kebangsaan,CBA4021,SK (LKTP) BUKIT GOH,(LKTP) BUKIT GOH,KUANTAN,26050,095478317,095476150
184,PAHANG,PPD KUANTAN,Kebangsaan,CBA4022,SK (LKTP) BUKIT SAGU 1,FELDA BUKIT SAGU 1,KUANTAN,26130,095479146,095476135
185,PAHANG,PPD KUANTAN,Kebangsaan,CBA4023,SK (FELDA) LEPAR HILIR 2,"FELDA LEPAR HILIR 2, JALAN GAMBANG,",KUANTAN,26300,095497442,095497443
186,PAHANG,PPD KUANTAN,Kebangsaan,CBA4065,SK (FELDA) SUNGAI PANCHING UTARA,"(LKTP) SUNGAI PANCHING UTARA,",KUANTAN,26250,095497672,095497230
187,PAHANG,PPD KUANTAN,Kebangsaan,CBA4066,SK (FELDA) SG PANCHING SELATAN,FELDA PANCHING SELATAN,KUANTAN,26010,095421745,095421745
188,PAHANG,PPD KUANTAN,Kebangsaan,CBA4067,SK JABOR,KG ALOR BATU JABOR,KUANTAN,26150,095516126,095516126
189,PAHANG,PPD KUANTAN,Kebangsaan,CBA4072,SK (FELDA) BT KUANTAN,FELDA BUKIT KUANTAN,KUANTAN,26130,095476885,095476885
190,PAHANG,PPD KUANTAN,Kebangsaan,CBA4075,SK (FELDA) SG PANCHING TIMUR,FELDA SG. PANCHING TIMUR,KUANTAN,26140,095421187,095422153
191,PAHANG,PPD KUANTAN,Kebangsaan,CBA4076,SK BUKIT SEKILAU,BUKIT SEKILAU,KUANTAN,25200,095156708,095156703
192,PAHANG,PPD KUANTAN,Kebangsaan,CBA4077,SK BUKIT KUIN,JALAN SUNGAI LEMBING,KUANTAN,26180,095476858,095476858
193,PAHANG,PPD KUANTAN,Kebangsaan,CBA4078,SK (LKTP) LEPAR HILIR 1,FELDA  LEPAR HILIR 1,KUANTAN,26310,095486103,095486357
194,PAHANG,PPD KUANTAN,Kebangsaan,CBA4079,SK TANAH PUTIH BARU,"KM 5, JALAN GAMBANG",KUANTAN,25150,095144449,095162766
195,PAHANG,PPD KUANTAN,Kebangsaan,CBA4080,SK (FELDA) LEPAR HILIR 3,LKTP LEPAR HILIR 3,KUANTAN,26300,095495144,095495144
196,PAHANG,PPD KUANTAN,Kebangsaan,CBA4081,SK GAMBANG,GAMBANG,KUANTAN,26300,095497730,095497730
197,PAHANG,PPD KUANTAN,Kebangsaan,CBA4082,SK PENDIDIKAN KHAS KUANTAN,BANDAR INDERA MAHKOTA 2,KUANTAN,25200,095739495,095739496
198,PAHANG,PPD KUANTAN,Kebangsaan,CBA4083,SK (FELDA) BUKIT SAGU 2,FELDA BUKIT SAGU 2,KUANTAN,25730,095479721,095476201
199,PAHANG,PPD KUANTAN,Kebangsaan,CBA4084,SK CENDERAWASIH,"LRG BKT SETONGKOL 13, TMN CENDERAWASIH,",KUANTAN,25200,095136895,095133414
200,PAHANG,PPD KUANTAN,Kebangsaan,CBA4085,SK INDERA MAHKOTA,BANDAR INDERA MAHKOTA,KUANTAN,25200,095733924,095737948
201,PAHANG,PPD KUANTAN,Kebangsaan,CBA4086,SK SEMAMBU,JALAN SEMAMBU,KUANTAN,25350,095603051,095667475
202,PAHANG,PPD KUANTAN,Kebangsaan,CBA4087,SK SG. MAS (JHEOA),SG. LEMBING,KUANTAN,26200,"0139300290",095412104
203,PAHANG,PPD KUANTAN,Kebangsaan,CBA4088,SK BALOK BARU,TAMAN BALOK MAKMUR,KUANTAN,26100,095801311,095801310
204,PAHANG,PPD KUANTAN,Kebangsaan,CBA4089,SK SUNGAI ISAP,JALAN GAMBANG,KUANTAN,25150,095363148,095367901
205,PAHANG,PPD KUANTAN,Kebangsaan,CBA4090,SK WIRA,"JALAN PANCHING,",KUANTAN,25150,095397668,095397716
206,PAHANG,PPD KUANTAN,Kebangsaan,CBA4091,SK PANDAN,"JALAN TAS 3, TAMAN TAS, JALAN GAMBANG",KUANTAN,25150,095394767,095396040
207,PAHANG,PPD KUANTAN,Kebangsaan,CBA4092,SK TOK SERA,JALAN TENGKU MUHAMMAD,KUANTAN,25050,095689019,095664164
208,PAHANG,PPD KUANTAN,Kebangsaan,CBA4093,SK BUKIT RANGIN,KG. BUKIT RANGIN,KUANTAN,25150,095363845,095363809
209,PAHANG,PPD KUANTAN,Kebangsaan,CBA4094,SK INDERA MAHKOTA UTAMA,BANDAR INDERA MAHKOTA,KUANTAN,25200,095736949,095736949
210,PAHANG,PPD KUANTAN,Kebangsaan,CBA4095,SK SERI MAHKOTA,BATU 12 JALAN GAMBANG,KUANTAN,25150,095397788,095397789
211,PAHANG,PPD KUANTAN,Kebangsaan,CBA4096,SK SUNGAI TALAM,JALAN SUNGAI LEMBING,KUANTAN,25200,095701101,095701102
212,PAHANG,PPD KUANTAN,Kebangsaan,CBA4097,SK AIR PUTIH,JALAN  JABOR,KUANTAN,25350,095689421,095679422
213,PAHANG,PPD KUANTAN,Kebangsaan,CBA4098,SK PELABUHAN,KAWASAN PERUMAHAN BALOK MAKMUR,KUANTAN,26100,095801840,095801842
214,PAHANG,PPD KUANTAN,Kebangsaan,CBA4099,SK MAT KILAU,"KM 11, JALAN PEKAN",KUANTAN,25150,095342759,095342730
215,PAHANG,PPD KUANTAN,Kebangsaan,CBA4100,SK RTP BUKIT GOH,"PERKAMPUNGAN PAK NGAH AZIZ, BUKIT GOH,",KUANTAN,26050,095478889,095476036
216,PAHANG,PPD KUANTAN,Kebangsaan,CBA4101,SK BALOK MAKMUR,TAMAN BALOK BARU,KUANTAN,26100,095838411,095838410
217,PAHANG,PPD KUANTAN,Kebangsaan,CBA4102,SK BUKIT SETONGKOL,JLN BUKIT SETONGKOL,KUANTAN,25200,095721031,095721035
218,PAHANG,PPD KUANTAN,Kebangsaan,CBA4103,SK SUNGAI BAGING,JALAN KUANTAN KEMAMAN,KUANTAN,26080,095819432,095819136
219,PAHANG,PPD KUANTAN,Kebangsaan,CBA4104,SK SUNGAI SOI,KEMPADANG,KUANTAN,25150,095342261,095342459
220,PAHANG,PPD KUANTAN,Kebangsaan,CBA4105,SK TUNKU AZIZAH,BANDAR INDERA MAHKOTA,KUANTAN,25200,095721343,095721342
221,PAHANG,PPD KUANTAN,Kebangsaan,CBA4106,SK BUNUT RENDANG,"KM12, JALAN KUANTAN-PEKAN, INDERAPURA",KUANTAN,25150,095343152,095343150
222,PAHANG,PPD KUANTAN,Kebangsaan,CBA4107,SK PELINDUNG,"JALAN KG. PELINDUNG 5, BESERAH",KUANTAN,26100,095608231,095608230
223,PAHANG,PPD KUANTAN,Kebangsaan,CBA4108,SK KAMPUNG BELUKAR,KM 7 JALAN GAMBANG,KUANTAN,25150,09-5361285,"09-5361249"
224,PAHANG,PPD KUANTAN,Kebangsaan,CBA4109,SK SUNGAI ISAP MURNI,PERKAMPUNGAN SUNGAI ISAP MURNI,KUANTAN,25150,095361675,095361673
225,PAHANG,PPD KUANTAN,Kebangsaan,CBA5004,SK PAYA BUNGOR,"KM 57, JALAN KUANTAN MARAN",KUANTAN,26020,094780141,094780141
226,PAHANG,PPD KUANTAN,Kebangsaan,CBB4026,SRK SULTAN ABDULLAH,JALAN DATO' WONG AH JANG,KUANTAN,25100,095131146,095150632
227,PAHANG,PPD KUANTAN,Kebangsaan,CBB4027,SK ST THOMAS,JALAN GAMBUT,KUANTAN,25000,095178857,095143440
228,PAHANG,PPD KUANTAN,Kebangsaan,CBB4028,SK PEREMPUAN METHODIST,JALAN GAMBUT,KUANTAN,25000,095177048,095141436
229,PAHANG,PPD KUANTAN,Kebangsaan,CBB4029,SK ASSUNTA CONVENT (M),"JALAN TG. MUHAMMAD, ALOR AKAR",KUANTAN,25050,095667794,095667794
230,PAHANG,PPD KUANTAN,Kebangsaan,CBB4030,SK PENGKALAN TENTERA,"KEM BATU 10, JALAN GAMBANG",KUANTAN,25150,095405532,095383087
231,PAHANG,PPD LIPIS,Jenis Kebangsaan (C),CBC3040,SRJK(C) MELA,"W/P MELA, JERANTUT",JERANTUT,27010,093129377,093129377
232,PAHANG,PPD LIPIS,Jenis Kebangsaan (C),CBC3041,SRJK(C) CHUNG HWA,"JALAN DATUK MAHMUD, SUNGAI KERPAN",KUALA LIPIS,27200,093121024,093121024
233,PAHANG,PPD LIPIS,Jenis Kebangsaan (C),CBC3042,SRJK(C) PADANG TENGKU,PADANG TENGKU,KUALA LIPIS,27100,093292297,093292297
234,PAHANG,PPD LIPIS,Jenis Kebangsaan (C),CBC3043,SRJK(C) JERKOH,JERKOH,BENTA,27300,093238269,"6093238269"
235,PAHANG,PPD LIPIS,Jenis Kebangsaan (C),CBC3044,SJK(C) PENJOM,KAMPUNG BARU PENJOM,KUALA LIPIS,27200,093227724,093227724
236,PAHANG,PPD LIPIS,Jenis Kebangsaan (C),CBC3045,SRJK(C) BENTA,KAMPUNG SRI BENTA,BENTA,27300,093238135,093238135
237,PAHANG,PPD LIPIS,Jenis Kebangsaan (T),CBD3047,SJK(T) KUALA LIPIS,"JALAN DATO' MAHMUD, SG.KERPAN",KUALA LIPIS,27200,093125150,093125150
238,PAHANG,PPD LIPIS,Jenis Kebangsaan (T),CBD3048,SJK(T) LADANG BUDU,LADANG BUDU,BENTA,27300,093230406,093230406
239,PAHANG,PPD LIPIS,Jenis Kebangsaan (T),CBD3049,SJK(T) LADANG BENTA,"LADANG BENTA,",KUALA LIPIS,27300,093239664,093239664
240,PAHANG,PPD LIPIS,Jenis Kebangsaan (T),CBD3050,SRJK(T) LADANG SELBORNE,LADANG SELBORNE,"PADANG TENGKU",27100,093291557,093291557
241,PAHANG,PPD LIPIS,Kebangsaan,CBA2028,SK LIMAU PURUT,WAKIL POS MELA,JERANTUT,27010,093129062,093129012
242,PAHANG,PPD LIPIS,Kebangsaan,CBA3001,SK MELA,MELA,JERANTUT,27010,093129232,093129232
243,PAHANG,PPD LIPIS,Kebangsaan,CBA3002,SK KUALA TELANG,KAMPUNG KUALA TELANG,KUALA LIPIS,27200,010920044,TIADA
244,PAHANG,PPD LIPIS,Kebangsaan,CBA3003,SK BATU YON,BUKIT BETONG,KUALA LIPIS,27200,093291412,093291412
245,PAHANG,PPD LIPIS,Kebangsaan,CBA3004,SK KG KELEDEK,KAMPONG KELEDEK,KUALA LIPIS,27200,093291158,TIADA
246,PAHANG,PPD LIPIS,Kebangsaan,CBA3005,SK AUR GADING,KAMPUNG AUR GADING,KUALA LIPIS,27200,"0133275824",TIADA
247,PAHANG,PPD LIPIS,Kebangsaan,CBA3006,SK MERAPOH,KAMPUNG MERAPOH,KUALA LIPIS,27210,099123915,099123915
248,PAHANG,PPD LIPIS,Kebangsaan,CBA3007,SK PENJOM,"BATU 6, PENJOM",KUALA LIPIS,27200,093227636,093227636
249,PAHANG,PPD LIPIS,Kebangsaan,CBA3008,SK (FELDA) KECAU 1,FELDA KECAU 1,"PADANG TENGKU",27100,093249561,TIADA
250,PAHANG,PPD LIPIS,Kebangsaan,CBA3009,SK BENTA,BENTA,BENTA,27300,093239780,093239780
251,PAHANG,PPD LIPIS,Kebangsaan,CBA3010,SK BUDU,KAMPUNG NAPAL,BENTA,27310,093123354,093123354
252,PAHANG,PPD LIPIS,Kebangsaan,CBA3011,SK CHAT,KAMPUNG CHAT,BENTA,27310,093125872,093125872
253,PAHANG,PPD LIPIS,Kebangsaan,CBA3012,SK KEMAHANG,KAMPUNG KEMAHANG,BENTA,27310,TIADA,TIADA
254,PAHANG,PPD LIPIS,Kebangsaan,CBA3013,SK TANJUNG BESAR,TANJONG BESAR,BENTA,27310,093238643,093238643
255,PAHANG,PPD LIPIS,Kebangsaan,CBA3014,SK JERANSANG,KAMPUNG JERANSANG,KUALA LIPIS,27310,093239037,093239037
256,PAHANG,PPD LIPIS,Kebangsaan,CBA3016,SK PAGAR SASAK,KAMPUNG PAGAR SASAK,KUALA LIPIS,27200,093111019,093111019
257,PAHANG,PPD LIPIS,Kebangsaan,CBA3017,SK TANJUNG GAHAI,"PETI SURAT  15,  SUNGAI KOYAN",KUALA LIPIS,27650,"0199858524",TIADA
258,PAHANG,PPD LIPIS,Kebangsaan,CBA3018,SK KUALA MEDANG,KUALA MEDANG,RAUB,27600,TIADA,TIADA
259,PAHANG,PPD LIPIS,Kebangsaan,CBA3019,SK WAN IBRAHIM,JALAN DATO MAHMUD,KUALA LIPIS,27200,093121459,093121073
260,PAHANG,PPD LIPIS,Kebangsaan,CBA3020,SK RELONG,KAMPUNG  RELONG,KUALA LIPIS,27200,093291115,093291115
261,PAHANG,PPD LIPIS,Kebangsaan,CBA3021,SK BERCHANG,KAMPUNG BERCHANG,KUALA LIPIS,27200,093291448,093291448
262,PAHANG,PPD LIPIS,Kebangsaan,CBA3022,SK LUBOK KULIT,KAMPUNG LUBOK KULIT,"PADANG TENGKU",27100,093295205,093295205
263,PAHANG,PPD LIPIS,Kebangsaan,CBA3023,SK PADANG TENGKU,JALAN SEKOLAH,KUALA LIPIS,27100,093291022,093291529
264,PAHANG,PPD LIPIS,Kebangsaan,CBA3024,SK KECHOR TUI,"KAMPUNG KECHOR TUI, PADANG TENGKU",KUALA LIPIS,27100,093292353,093292422
265,PAHANG,PPD LIPIS,Kebangsaan,CBA3025,SK GUA,PADANG TENGKU,KUALA LIPIS,27100,093291943,093291943
266,PAHANG,PPD LIPIS,Kebangsaan,CBA3026,SK KUALA LANAR,KAMPUNG KUALA LANAR,KUALA LIPIS,27200,093125857,093125857
267,PAHANG,PPD LIPIS,Kebangsaan,CBA3028,SK JERAM BUNGOR,KAMPUNG JERAM BUNGOR,KUALA LIPIS,27200,093123834,093123834
268,PAHANG,PPD LIPIS,Kebangsaan,CBA3029,SK JERAM LANDAK,KAMPUNG JERAM LANDAK,JERANTUT,27010,093129649,093129649
269,PAHANG,PPD LIPIS,Kebangsaan,CBA3030,SK KUALA KENONG,KAMPUNG KUALA KENONG,KUALA LIPIS,27200,"0169614010",TIADA
270,PAHANG,PPD LIPIS,Kebangsaan,CBA3032,SK KERAMBIT,WAKIL POS KERAMBIT,KUALA LIPIS,27200,093129767,093129767
271,PAHANG,PPD LIPIS,Kebangsaan,CBA3052,SK (FELDA) SG KOYAN,"JALAN KETUALANG,FELDA SUNGAI KOYAN 1",RAUB,27650,093401318,093401318
272,PAHANG,PPD LIPIS,Kebangsaan,CBA3053,SK CHEGAR PERAH,KAMPUNG CHEGAR PERAH,KUALA LIPIS,27200,TIADA,TIADA
273,PAHANG,PPD LIPIS,Kebangsaan,CBA3054,SK (FELDA) CHEGAR PERAH,FELDA CHEGAR PERAH,KUALA LIPIS,27200,093241815,093243195
274,PAHANG,PPD LIPIS,Kebangsaan,CBA3055,SK BATU 13,"BATU 13, BENTA",BENTA,27300,093238041,093238041
275,PAHANG,PPD LIPIS,Kebangsaan,CBA3056,SK KUALA KOYAN (JHEOA),"PETI SURAT 30, PEJABAT POS SUNGAI KOYAN",RAUB,27650,"0132121944",TIADA
276,PAHANG,PPD LIPIS,Kebangsaan,CBA3057,SK TITOM (JHEOA),"D/A PEJABAT PELAJARAN DAERAH LIPIS,",KUALA LIPIS,27200,TIADA,TIADA
277,PAHANG,PPD LIPIS,Kebangsaan,CBA3058,SK LENJANG(JHEOA),D/A PEJABAT PELAJARAN DAERAH LIPIS,KUALA LIPIS,27200,TIADA,TIADA
278,PAHANG,PPD LIPIS,Kebangsaan,CBA3059,SK RPS BETAU (JHEOA),PETI SURAT 26. POS SUNGAI KOYAN,RAUB,27650,TIADA,TIADA
279,PAHANG,PPD LIPIS,Kebangsaan,CBA3060,SK SENDERUT(JHEOA),D/A PEJABAT PELAJARAN DAERAH LIPIS,KUALA LIPIS,27200,TIADA,TIADA
280,PAHANG,PPD LIPIS,Kebangsaan,CBA3061,SK LANAI (JHEOA),PETI SURAT 25 PEJABAT POS SUNGAI KOYAN,RAUB,27657,TIADA,TIADA
281,PAHANG,PPD LIPIS,Kebangsaan,CBA3062,SK BATU 9,KAMPUNG BATU 9,KUALA LIPIS,27200,093201012,TIADA
282,PAHANG,PPD LIPIS,Kebangsaan,CBA3063,SK TEMPOYANG,KM 6 JALAN LIPIS-PADANG TENGKU,KUALA LIPIS,27200,093121153,093121153
283,PAHANG,PPD LIPIS,Kebangsaan,CBA3064,SK TELUK GUNUNG,KAMPUNG TELUK GUNUNG,KUALA LIPIS,27210,099122710,099122710
284,PAHANG,PPD LIPIS,Kebangsaan,CBB3036,SK CLIFFORD,JALAN PEKELILING,KUALA LIPIS,27200,093101373,093101374
285,PAHANG,PPD MARAN,Jenis Kebangsaan (C),CBC9063,SJK(C) PEI MIN,JALAN MARAN KUANTAN,MARAN,26500,094789227,094789227
286,PAHANG,PPD MARAN,Jenis Kebangsaan (C),CBC9068,SJK(C) MARAN,JALAN BERKAT,MARAN,26500,094771832,094771832
287,PAHANG,PPD MARAN,Jenis Kebangsaan (C),CBK9073,SJK(C) JERIK,SUNGAI JERIK,BANDAR JENGKA,26400,094788600,094788600
288,PAHANG,PPD MARAN,Kebangsaan,CBA9001,SK MARAN,PETI SURAT 61 PEJABAT POS MARAN,MARAN,26500,094771221,094773896
289,PAHANG,PPD MARAN,Kebangsaan,CBA9002,SK ULU LUIT,SK ULU LUIT,MARAN,26500,094771090,094771091
290,PAHANG,PPD MARAN,Kebangsaan,CBA9003,SK (LKTP) KG NEW ZEALAND,KAMPONG NEW ZEALAND,MARAN,26500,094780409,094780409
291,PAHANG,PPD MARAN,Kebangsaan,CBA9004,SK (FELDA) BT TAJAU,"JALAN MELOR, FELDA BUKIT TAJAU",MARAN,26500,094775890,094775890
292,PAHANG,PPD MARAN,Kebangsaan,CBA9005,SK LKTP ULU JEMPOL,FELDA ULU JEMPOL,BANDAR JENGKA,26400,092131589,092131589
293,PAHANG,PPD MARAN,Kebangsaan,CBA9006,SK (FELDA) JENGKA 1,FELDA JENGKA 1,BANDAR JENGKA,26430,094719331,094719331
294,PAHANG,PPD MARAN,Kebangsaan,CBA9007,SK (FELDA) JENGKA 2,FELDA JENGKA 2,BANDAR JENGKA,26400,094674933,094674007
295,PAHANG,PPD MARAN,Kebangsaan,CBA9008,SK KUALA SENTOL,KAMPUNG KUALA SENTUL,MARAN,26500,094766988,094766988
296,PAHANG,PPD MARAN,Kebangsaan,CBA9009,SK SENGGORA,JALAN LUBUK PAKU,MARAN,26500,094680459,094680459
297,PAHANG,PPD MARAN,Kebangsaan,CBA9010,SK KUALA WAU,KAMPUNG KUALA WAU,MARAN,26500,094689771,094689771
298,PAHANG,PPD MARAN,Kebangsaan,CBA9011,SK SERENGKAM,JALAN LUBUK PAKU,MARAN,26500,094689557,094689557
299,PAHANG,PPD MARAN,Kebangsaan,CBA9012,SK PAYA PASIR,JALAN MARAN TEMERLOH,CHENOR,28100,094855023,094855023
300,PAHANG,PPD MARAN,Kebangsaan,CBA9013,SK PESAGI,PETI SURAT POS CHENOR,CHENOR,28100,094689334,TIADA
301,PAHANG,PPD MARAN,Kebangsaan,CBA9040,SK CHENOR,SEBERANG CHENOR,CHENOR,28100,092796864,092796864
302,PAHANG,PPD MARAN,Kebangsaan,CBA9041,SK KERTAU,KAMPUNG NYAK,CHENOR,28100,TIADA,TIADA
303,PAHANG,PPD MARAN,Kebangsaan,CBA9042,SK TANJUNG PERANG,JALAN TEMERLOH-KUANTAN,CHENOR,28100,092986948,092986949
304,PAHANG,PPD MARAN,Kebangsaan,CBA9043,SK (FELDA) JENGKA 15,"FELDA SEMARAK, JENGKA 15",BANDAR JENGKA,26400,094666246,094666246
305,PAHANG,PPD MARAN,Kebangsaan,CBA9044,SK BUKIT SEGUMPAL,"JALAN PAYA KERBAU, BUKIT SEGUMPAL",CHENOR,28100,092987725,092987725
306,PAHANG,PPD MARAN,Kebangsaan,CBA9045,SK BUKIT LADA,JALAN KAMPUNG BUKIT LADA,CHENOR,28100,092987823,092987823
307,PAHANG,PPD MARAN,Kebangsaan,CBA9046,SK BUKIT BOTA,KAMPUNG BUKIT BOTA,CHENOR,28100,092995189,092996382
308,PAHANG,PPD MARAN,Kebangsaan,CBA9047,SK (FELDA) JENGKA 21,"JALAN TERATAI 1, JENGKA 21",BANDAR JENGKA,26400,094862301,094862301
309,PAHANG,PPD MARAN,Kebangsaan,CBA9048,SK (LKTP) KG AWAH,FELDA KAMPONG AWAH,TEMERLOH,28030,092986448,092987858
310,PAHANG,PPD MARAN,Kebangsaan,CBA9049,SK SEKARA,JALAN BUKIT KENING,CHENOR,28100,092996346,092996346
311,PAHANG,PPD MARAN,Kebangsaan,CBA9055,SK (FELDA) SG NEREK,FELDA SUNGAI NEREK.,TEMERLOH,28030,092986751,092986751
312,PAHANG,PPD MARAN,Kebangsaan,CBA9105,SK (FELDA) JENGKA 3,"FELDA DAHLIA,JENGKA 3",BANDAR JENGKA,26430,094765404,094764138
313,PAHANG,PPD MARAN,Kebangsaan,CBA9106,SK (FELDA) JENGKA 4,FELDA JENGKA 4,MARAN,26500,094766053,094766053
314,PAHANG,PPD MARAN,Kebangsaan,CBA9110,SK LKTP JENGKA 5,W/P KUALA SENTUL,MARAN,26500,094671817,094671817
315,PAHANG,PPD MARAN,Kebangsaan,CBA9111,SK( FELDA ) JENGKA 6,FELDA JENGKA 6,BANDAR JENGKA,26410,094766729,094766729
316,PAHANG,PPD MARAN,Kebangsaan,CBA9112,SK (LKTP) JENGKA 7,FELDA JENGKA 7,BANDAR JENGKA,26410,094671397,094671497
317,PAHANG,PPD MARAN,Kebangsaan,CBA9113,SK (FELDA) JENGKA 8,FELDA JENGKA 8,BANDAR JENGKA,26400,092081439,092081439
318,PAHANG,PPD MARAN,Kebangsaan,CBA9117,SK BANDAR PUSAT,JALAN BESAR BANDAR JENGKA,BANDAR JENGKA,26400,094676448,094676449
319,PAHANG,PPD MARAN,Kebangsaan,CBA9118,SK (FELDA) JENGKA 9,FELDA JENGKA 9,BANDAR JENGKA,26400,094862241,094862241
320,PAHANG,PPD MARAN,Kebangsaan,CBA9119,SK (FELDA) JENGKA 10,FELDA JENGKA 10,BANDAR JENGKA,26400,094663288,094663288
321,PAHANG,PPD MARAN,Kebangsaan,CBA9120,SK (FELDA) JENGKA 11,FELDA JENGKA  11,"TUN ABDUL RAZAK JENGKA",26400,094662521,094662521
322,PAHANG,PPD MARAN,Kebangsaan,CBA9124,SK (LKTP) JENGKA 12,"JALAN KENARI, FELDA MELUR",BANDAR JENGKA,26400,094862394,094863027
323,PAHANG,PPD MARAN,Kebangsaan,CBA9125,SK (LKTP) JENGKA 14,FELDA JENGKA 14,BANDAR JENGKA,26400,094663702,094663702
324,PAHANG,PPD MARAN,Kebangsaan,CBA9132,SK (FELDA) JENGKA 13,FELDA PUTERI MALU,BANDAR JENGKA,26420,094862393,094861958
325,PAHANG,PPD MARAN,Kebangsaan,CBA9136,SK (FELDA) JENGKA 16,SK LKTP (FELDA ) JENGKA 16,"BANDAR TUN ABDUL RAZAK",26400,094664532,094664532
326,PAHANG,PPD MARAN,Kebangsaan,CBA9137,SK (FELDA) JENGKA 17,FELDA JENGKA 17,BANDAR JENGKA,26400,094851305,094851305
327,PAHANG,PPD MARAN,Kebangsaan,CBA9138,SK (FELDA) JENGKA 18,FELDA SEROJA JENGKA 18,BANDAR JENGKA,26400,094852700,094852722
328,PAHANG,PPD MARAN,Kebangsaan,CBA9139,SK (FELDA) JENGKA 19,FELDA SIANTAN JENGKA 19,BANDAR JENGKA,26400,094851445,094851554
329,PAHANG,PPD MARAN,Kebangsaan,CBA9142,SK SENTOSA,"JALAN MARAN-TEMERLOH,KAMPUNG SENTOSA",MARAN,26500,094772197,094772197
330,PAHANG,PPD MARAN,Kebangsaan,CBA9143,SK (FELDA) JENGKA 20,"FELDA TANJUNG, JENGKA 20",BANDAR JENGKA,26400,094664623,094661628
331,PAHANG,PPD MARAN,Kebangsaan,CBA9145,SK JENGKA BATU 13,"KAMPUNG JENGKA BATU 13, JALAN MARAN",CHENOR,28100,092995835,092995835
332,PAHANG,PPD MARAN,Kebangsaan,CBA9149,SK (FELDA) JENGKA 22,FELDA TERKIS JENGKA 22,BANDAR JENGKA,26440,094862311,094863039
333,PAHANG,PPD MARAN,Kebangsaan,CBA9150,SK JENGKA PUSAT 2,LINTASAN  SEMARAK,BANDAR JENGKA,26400,094675019,094664755
334,PAHANG,PPD MARAN,Kebangsaan,CBA9151,SK SERI KERAMAT,JALAN SERI KERAMAT,MARAN,26500,094777100,094777101
335,PAHANG,PPD MARAN,Kebangsaan,CBA9152,SK CHEDONG JAYA,PEKAN TAJAU,MARAN,26500,094777262,094777262
336,PAHANG,PPD MARAN,Kebangsaan,CBA9153,SK DESA JAYA,JALAN HOSPITAL,BANDAR JENGKA,26400,094677790,094675629
337,PAHANG,PPD PEKAN,Jenis Kebangsaan (C),CBC5064,SJK(C) PEKAN,JALAN ENGKU MUDA MANSOR,PEKAN,26600,094223381,094223381
338,PAHANG,PPD PEKAN,Jenis Kebangsaan (C),CBC5065,SJK(C) KEE WHA,NENASI,PEKAN,26680,094181505,094181007
339,PAHANG,PPD PEKAN,Jenis Kebangsaan (C),CBC5066,SJK(C) YOKE HWA,KUALA PAHANG,PEKAN,26660,094251633,094251633
340,PAHANG,PPD PEKAN,Kebangsaan,CBA4018,SK UBAI,KG. UBAI,KUANTAN,26610,094269484,094269484
341,PAHANG,PPD PEKAN,Kebangsaan,CBA5010,SK BELIMBING,KAMPUNG BELIMBING,KUANTAN,26030,TIADA,TIADA
342,PAHANG,PPD PEKAN,Kebangsaan,CBA5011,SK SERI TERENTANG,JLN SERI TERENTANG,PEKAN,26600,094221332,094227212
343,PAHANG,PPD PEKAN,Kebangsaan,CBA5012,SK NENASI,"JALAN PEKAN NENASI,NENASI",PEKAN,26680,094181422,094181420
344,PAHANG,PPD PEKAN,Kebangsaan,CBA5013,SK TANJUNG BATU,KG TANJUNG BATU,PEKAN,26680,094181516,094181014
345,PAHANG,PPD PEKAN,Kebangsaan,CBA5014,SK SRI MAULANA,KG PULAU JAWA,PEKAN,26600,094224084,094221030
346,PAHANG,PPD PEKAN,Kebangsaan,CBA5015,SK SINAR MUTIARA,JALAN PEKAN - NENASI,PEKAN,26600,094300053,094300048
347,PAHANG,PPD PEKAN,Kebangsaan,CBA5016,SK INDERA SHAHBANDAR,KG KUALA PAHANG,PEKAN,26660,094251211,094251212
348,PAHANG,PPD PEKAN,Kebangsaan,CBA5017,SK (FELDA) CHINI TIMUR 1,FELDA CHINI TIMUR 1,CHINI,26690,094571552,094571019
349,PAHANG,PPD PEKAN,Kebangsaan,CBA5018,SK LANGGAR,KG. LANGGAR,PEKAN,26620,094300054,094300061
350,PAHANG,PPD PEKAN,Kebangsaan,CBA5019,SK PAHANG TUA,KG.PAHANG TUA,PEKAN,26620,094300157,094300542
351,PAHANG,PPD PEKAN,Kebangsaan,CBA5020,SK PULAU RUSA,KG. PULAU RUSA,PEKAN,26630,094300212,094300057
352,PAHANG,PPD PEKAN,Kebangsaan,CBA5021,SK GANCHONG,MUKIM GANCHONG,PEKAN,26630,094300016,094300018
353,PAHANG,PPD PEKAN,Kebangsaan,CBA5022,SK PULAU MANIS,KAMPUNG PULAU MANIS,PEKAN,26640,095461593,TIADA
354,PAHANG,PPD PEKAN,Kebangsaan,CBA5023,SK PERMATANG KELEDANG,KG. PERMATANG KELEDANG,PEKAN,26600,094225254,094225254
355,PAHANG,PPD PEKAN,Kebangsaan,CBA5024,SK SERI BIRAM,JALAN ENGKU MUDA MANSOR,PEKAN,26600,094224050,094227549
356,PAHANG,PPD PEKAN,Kebangsaan,CBA5025,SK PASIR PANJANG,KG PASIR PANJANG,PEKAN,26600,094223215,094223215
357,PAHANG,PPD PEKAN,Kebangsaan,CBA5026,SK TANJUNG AGAS,KG TANJUNG AGAS,PEKAN,26600,094304690,094300686
358,PAHANG,PPD PEKAN,Kebangsaan,CBA5027,SK TANJUNG MEDANG,TANJUNG MEDANG,PEKAN,26600,094300209,094300012
359,PAHANG,PPD PEKAN,Kebangsaan,CBA5028,SK KG ACHEH,KAMPUNG ACHEH,PEKAN,26640,094301107,094301106
360,PAHANG,PPD PEKAN,Kebangsaan,CBA5029,SK TEMAI,KG TEMAI,PEKAN,26640,094308188,094300564
361,PAHANG,PPD PEKAN,Kebangsaan,CBA5030,SK PADANG RUMBIA,KG. PADANG RUMBIA,PEKAN,26640,094281199,094281199
362,PAHANG,PPD PEKAN,Kebangsaan,CBA5031,SK SERAMBI,KAMPUNG SERAMBI,PEKAN,26650,095461328,TIADA
363,PAHANG,PPD PEKAN,Kebangsaan,CBA5032,SK PALOH HINAI,KM42 JALAN PEKAN-BATU BALIK,PEKAN,26650,094291306,094291306
364,PAHANG,PPD PEKAN,Kebangsaan,CBA5033,SK PELAK,"KAMPUNG PELAK,WAKIL POS PALOH HINAI",PEKAN,26650,095468145,095468275
365,PAHANG,PPD PEKAN,Kebangsaan,CBA5034,SK MAMBANG,JALAN BATU BALEK,PEKAN,26600,095461203,095461131
366,PAHANG,PPD PEKAN,Kebangsaan,CBA5035,SK KINCHIR,PALOH HINAI,PEKAN,26650,095461243,095461242
367,PAHANG,PPD PEKAN,Kebangsaan,CBA5036,SK TANAH PUTEH,KG. TANAH PUTEH,PEKAN,26600,094269593,094269593
368,PAHANG,PPD PEKAN,Kebangsaan,CBA5037,SK SERANDU,KG. TANJUNG SELANGOR,PEKAN,26660,094101710,094101711
369,PAHANG,PPD PEKAN,Kebangsaan,CBA5044,SK MERCHONG JAYA,"KG. KAJANG,",PEKAN,26680,094125939,094127827
370,PAHANG,PPD PEKAN,Kebangsaan,CBA5072,SK SERI MAKMUR,FELCRA SRI MAKMUR,KUANTAN,26030,095469267,095460949
371,PAHANG,PPD PEKAN,Kebangsaan,CBA5074,SK LEPAR,RPSB BATU 8 LEPAR PEKAN,GAMBANG,26300,095465344,095465345
372,PAHANG,PPD PEKAN,Kebangsaan,CBA5078,SK (FELDA) CHINI 1 & 4,FELDA CHINI 1,CHINI,26690,094566390,094565590
373,PAHANG,PPD PEKAN,Kebangsaan,CBA5079,SK KOTA PERDANA,"PETI SURAT 35, SK KOTA PERDANA",MUADZAM SHAH,26700,094525703,094522325
374,PAHANG,PPD PEKAN,Kebangsaan,CBA5080,SK (FELDA) CHINI 2,"FELDA CHINI 2,",CHINI,26690,094566301,094565134
375,PAHANG,PPD PEKAN,Kebangsaan,CBA5081,SK (FELDA) CHINI 3 & 5,FELDA CHINI 3,CHINI,26690,094566159,094566811
376,PAHANG,PPD PEKAN,Kebangsaan,CBA5082,SK RUNCHANG,PETI SURAT 68,MUADZAM SHAH,26700,094530868,094530026
377,PAHANG,PPD PEKAN,Kebangsaan,CBA5084,SK PERAMU JAYA,BANDAR BARU PERAMU JAYA,PEKAN,26600,094268434,094266760
378,PAHANG,PPD PEKAN,Kebangsaan,CBA5085,SK (LKTP) CHINI TIMUR 2,FELDA CHINI TIMUR 2,CHINI,26690,094571733,094571733
379,PAHANG,PPD PEKAN,Kebangsaan,CBA5086,"SK TASIK CINI, PEKAN (JHEOA)","KAMPUNG GUMUM , TASIK CHINI",CHINI,26690,095460060,095460059
380,PAHANG,PPD PEKAN,Kebangsaan,CBA5087,SK BANDAR 2,BANDAR 2 PALOH HINAI,PEKAN,26650,095460315,095460310
381,PAHANG,PPD PEKAN,Kebangsaan,CBA5088,SK PEKAN JAYA,BANDAR BARU PERAMU,PEKAN,26600,094269298,094266722
382,PAHANG,PPD PEKAN,Kebangsaan,CBA5089,SK PULAU SERAI,"KG PULAU SERAI,PEKAN",PEKAN,26600,094266437,094266440
383,PAHANG,PPD PEKAN,Kebangsaan,CBA5090,SK SIMPAI,SEKOLAH KEBANGSAAN SIMPAI,MUADZAM SHAH,26700,TIADA,""
384,PAHANG,PPD PEKAN,Kebangsaan,CBB5061,SK AHMAD,JALAN ROMPIN LAMA,PEKAN,26600,094221258,094227608
385,PAHANG,PPD RAUB,Jenis Kebangsaan (C),CBC6031,SJK(C) CHUNG CHING,JALAN LIPIS,RAUB,27600,093501881,093501880
386,PAHANG,PPD RAUB,Jenis Kebangsaan (C),CBC6032,SJK(C) SEMPALIT,KAMPUNG BARU SEMPALIT,RAUB,27600,093551886,093555598
387,PAHANG,PPD RAUB,Jenis Kebangsaan (C),CBC6033,SJK(C) SUNGAI RUAN,SUNGAI RUAN,RAUB,27500,093686219,093686219
388,PAHANG,PPD RAUB,Jenis Kebangsaan (C),CBC6034,SJK(C) YUH HWA,BUKIT KOMAN,RAUB,27600,093554355,093554355
389,PAHANG,PPD RAUB,Jenis Kebangsaan (C),CBC6035,SJK(C) SG LUI,KAMPUNG BARU SUNGAI LUI,RAUB,27600,093551129,093551129
390,PAHANG,PPD RAUB,Jenis Kebangsaan (C),CBC6036,SJK(C) CHEROH,KAMPUNG CHEROH,RAUB,27620,093697205,093697205
391,PAHANG,PPD RAUB,Jenis Kebangsaan (C),CBC6037,SJK(C) TRAS,KAMPUNG TRAS,RAUB,27670,093615560,093615560
392,PAHANG,PPD RAUB,Jenis Kebangsaan (C),CBC6038,SJK(C) SG CHETANG,KAMPUNG SUNGAI CHETANG,RAUB,27670,093615618,093615618
393,PAHANG,PPD RAUB,Jenis Kebangsaan (C),CBC6039,SJK(C) SANG LEE,KAMPUNG SANG LEE,RAUB,27670,093615004,093615495
394,PAHANG,PPD RAUB,Jenis Kebangsaan (C),CBC6040,SJK(C) SG KLAU,KAMPUNG SUNGAI KLAU,RAUB,27630,093686433,093686433
395,PAHANG,PPD RAUB,Jenis Kebangsaan (T),CBD6041,SJK(T) RAUB,JLN TENGKU ABDUL SAMAD,RAUB,27600,093551994,093551994
396,PAHANG,PPD RAUB,Jenis Kebangsaan (T),CBD6042,SJK(T) LADANG CHEROH,LADANG CHEROH,RAUB,27620,093698155,093698155
397,PAHANG,PPD RAUB,Jenis Kebangsaan (T),CBD6043,SJK(T) BUKIT FRASER,BUKIT FRASER,BUKIT FRASER,49000,093622409,TIADA
398,PAHANG,PPD RAUB,Jenis Kebangsaan (T),CBD6044,SJK(T) LADANG GALI,"LADANG GALI, DONG",RAUB,27400,093659663,093659663
399,PAHANG,PPD RAUB,Kebangsaan,CBA6001,SK BANDAR RAUB,JALAN LIPIS,RAUB,27600,093551585,093556761
400,PAHANG,PPD RAUB,Kebangsaan,CBA6002,SK ULU GALI,SG. RUAN,RAUB,27500,093686386,093689602
401,PAHANG,PPD RAUB,Kebangsaan,CBA6003,SK GALI,KAMPUNG GALI,RAUB,27400,093658959,093658959
402,PAHANG,PPD RAUB,Kebangsaan,CBA6005,SK TANJUNG PUTUS,KG. TANJUNG PUTUS,RAUB,27400,093659100,093659100
403,PAHANG,PPD RAUB,Kebangsaan,CBA6006,SK PAMAH KULAT,KAMPUNG PAMAH KULAT,RAUB,27600,093659405,093659405
404,PAHANG,PPD RAUB,Kebangsaan,CBA6007,SK ULU DONG,KAMPUNG PAMAH RAWAS,RAUB,27600,093658790,093658791
405,PAHANG,PPD RAUB,Kebangsaan,CBA6008,SK MUHAMMAD JABAR,"KM 16, JALAN LIPIS, DONG",RAUB,27400,093658286,093658286
406,PAHANG,PPD RAUB,Kebangsaan,CBA6009,SK TEMAU,"KAMPUNG TEMAU, DONG",RAUB,27400,093659180,093659180
407,PAHANG,PPD RAUB,Kebangsaan,CBA6010,SK KUALA DONG,"JALAN LIPIS, KUALA DONG",RAUB,27400,093630264,TIADA
408,PAHANG,PPD RAUB,Kebangsaan,CBA6011,SK TANJUNG RAJA,KAMPUNG GESING,RAUB,27400,TIADA,TIADA
409,PAHANG,PPD RAUB,Kebangsaan,CBA6012,SK CHENUA,KG. CHENUA,RAUB,27660,093657457,093657457
410,PAHANG,PPD RAUB,Kebangsaan,CBA6013,SK SEGA,"KM 27, JALAN LIPIS",SEGA,27660,093657309,093657309
411,PAHANG,PPD RAUB,Kebangsaan,CBA6014,SK KUALA ATOK,KAMPUNG KUALA ATOK,RAUB,27660,093657379,093657379
412,PAHANG,PPD RAUB,Kebangsaan,CBA6015,SK ULU ATOK,KAMPUNG ULU ATOK,RAUB,27660,TIADA,TIADA
413,PAHANG,PPD RAUB,Kebangsaan,CBA6016,SK SEMANTAN ULU,KAMPUNG SEMANTAN ULU,RAUB,27600,TIADA,TIADA
414,PAHANG,PPD RAUB,Kebangsaan,CBA6017,SK KUNDANG PATAH,KAMPUNG KUNDANG PATAH,RAUB,27620,093697959,093697959
415,PAHANG,PPD RAUB,Kebangsaan,CBA6018,SK BATU TALAM,KAMPUNG BATU TALAM,RAUB,27610,093697598,093697598
416,PAHANG,PPD RAUB,Kebangsaan,CBA6019,SK TERSANG,"KAMPUNG TERSANG, BATU MALIM",RAUB,27610,TIADA,TIADA
417,PAHANG,PPD RAUB,Kebangsaan,CBA6020,SK ULU SUNGAI,KAMPUNG ULU SUNGAI,RAUB,27610,"0199188239",TIADA
418,PAHANG,PPD RAUB,Kebangsaan,CBA6021,SK (FELDA) LEMBAH KLAU,FELDA LEMBAH KLAU,RAUB,27630,093688437,093686297
419,PAHANG,PPD RAUB,Kebangsaan,CBA6022,SK LKTP TERSANG SATU,FELDA TERSANG 1,RAUB,27600,093403569,093403568
420,PAHANG,PPD RAUB,Kebangsaan,CBA6023,SK (FELDA) KRAU 1,JALAN TRAS,RAUB,27600,093558597,093558597
421,PAHANG,PPD RAUB,Kebangsaan,CBA6024,SK (FELDA) TERSANG 3,FELDA TERSANG 3,RAUB,27650,093402449,093402448
422,PAHANG,PPD RAUB,Kebangsaan,CBA6025,SK BUKIT FRASER,"JALAN JERIAU, BUKIT FRASER",BUKIT FRASER,49000,093622413,093622413
423,PAHANG,PPD RAUB,Kebangsaan,CBA6026,SK SATAK,"KAMPUNG SATAK, KELA",RAUB,27610,"0123422931",TIADA
424,PAHANG,PPD RAUB,Kebangsaan,CBA6027,SK RAUB INDAH,"",RAUB,27600,093550675,093550678
425,PAHANG,PPD RAUB,Kebangsaan,CBA6028,SK RAUB JAYA,SK RAUB JAYA,RAUB,27600,093630023,093501390
426,PAHANG,PPD RAUB,Kebangsaan,CBB6024,SK MAHMUD,JALAN CHEROH,RAUB,27600,093501307,093501306
427,PAHANG,PPD RAUB,Kebangsaan,CBB6025,SK PEREMPUAN METHODIST (M),JALAN CHEROH,RAUB,27600,093551032,093551032
428,PAHANG,PPD ROMPIN,Jenis Kebangsaan (C),CBC8016,SJK(C) ROMPIN,JALAN SABAK,KUALA ROMPIN,26800,094147750,094147750
429,PAHANG,PPD ROMPIN,Kebangsaan,CBA5038,SK (FELDA) SELANCAR 2,JALAN SEKOLAH,MUADZAM SHAH,26700,094381375,094381375
430,PAHANG,PPD ROMPIN,Kebangsaan,CBA5039,SK CHENDERAWASIH,KAMPUNG CHENDERAWASIH,MUADZAM SHAH,26700,094372130,094372130
431,PAHANG,PPD ROMPIN,Kebangsaan,CBA5077,SK BUKIT RIDAN,JALAN SEKOLAH,MUADZAM SHAH,26700,094522800,094525822
432,PAHANG,PPD ROMPIN,Kebangsaan,CBA5083,SK MUADZAM SHAH,BULATAN JALAN PINGGIR PELANGI,MUADZAM SHAH,26700,094523172,094528164
433,PAHANG,PPD ROMPIN,Kebangsaan,CBA8001,SK ROMPIN,BANDAR KUALA ROMPIN,KUALA ROMPIN,26800,094145243,094142030
434,PAHANG,PPD ROMPIN,Kebangsaan,CBA8002,SK PONTIAN,KAMPUNG PARIT RAJA,KUALA ROMPIN,26800,094140457,094140455
435,PAHANG,PPD ROMPIN,Kebangsaan,CBA8003,SK TANJONG GEMOK,KAMPUNG TANJONG GEMOK,KUALA ROMPIN,26820,094132610,094132610
436,PAHANG,PPD ROMPIN,Kebangsaan,CBA8004,SK PIANGGU,KAMPUNG PIANGGU,KUALA ROMPIN,26820,094132058,094132058
437,PAHANG,PPD ROMPIN,Kebangsaan,CBA8005,SK SARANG TIONG,"JALAN RAJAWALI, KG. SARANG TIONG",KUALA ROMPIN,26820,094132854,094132854
438,PAHANG,PPD ROMPIN,Kebangsaan,CBA8006,SK LEBAN CHONDONG,KG LEBAN CHONDONG,KUALA ROMPIN,26810,094149823,094149763
439,PAHANG,PPD ROMPIN,Kebangsaan,CBA8007,SK KAMPONG AUR,KAMPUNG AUR,MUADZAM SHAH,26700,094530017,094531017
440,PAHANG,PPD ROMPIN,Kebangsaan,CBA8008,SK BUKIT IBAM,"JALAN INTAN, BUKIT IBAM",MUADZAM SHAH,26700,094585535,094585155
441,PAHANG,PPD ROMPIN,Kebangsaan,CBA8009,SK TEKEK,"KG TEKEK, PULAU TIOMAN, ROMPIN",KUALA ROMPIN,26800,094191544,094191544
442,PAHANG,PPD ROMPIN,Kebangsaan,CBA8010,SK PERANTAU DAMAI,FELDA KERATONG 9,MUADZAM SHAH,26700,094431253,094431667
443,PAHANG,PPD ROMPIN,Kebangsaan,CBA8011,SK (FELDA) SELENDANG 01,"JALAN CHENDERAWASIH, FELDA SELENDANG 01",KUALA ROMPIN,26800,094140310,094140312
444,PAHANG,PPD ROMPIN,Kebangsaan,CBA8012,SK KEDAIK,"PETI SURAT 74, SK KEDAIK",MUADZAM SHAH,26700,094539153,094533226
445,PAHANG,PPD ROMPIN,Kebangsaan,CBA8013,SK BT SEROK,RPS BUKIT SEROK,"BANDAR TUN RAZAK",26900,094530598,094530612
446,PAHANG,PPD ROMPIN,Kebangsaan,CBA8014,SK LADANG KOTA BAHAGIA,KARUNG BERKUNCI 07,MUADZAM SHAH,26700,094525920,094525920
447,PAHANG,PPD ROMPIN,Kebangsaan,CBA8015,SK (FELDA) KERATONG 1,BANDAR TUN RAZAK,"BANDAR TUN RAZAK",26900,094457449,094458916
448,PAHANG,PPD ROMPIN,Kebangsaan,CBA8018,SK (LKTP) KERATONG 4,JALAN MAKTAB,"BANDAR TUN RAZAK",26900,094457917,094458273
449,PAHANG,PPD ROMPIN,Kebangsaan,CBA8020,SK (FELDA) KERATONG 2,JALAN MELOR,"BANDAR TUN RAZAK",26900,094457546,094457546
450,PAHANG,PPD ROMPIN,Kebangsaan,CBA8021,SK.LKTP SELANCAR 1,"FELDA SELANCAR 1,BANDAR 19,PERWIRA JAYA,ROMPIN",MUADZAM SHAH,26700,094371282,094371437
451,PAHANG,PPD ROMPIN,Kebangsaan,CBA8022,SK (FELDA) KERATONG 6,FELDA KERATONG 6,MUADZAM SHAH,26700,094471490,094471218
452,PAHANG,PPD ROMPIN,Kebangsaan,CBA8023,SK (LKTP) KERATONG 3,FELDA KERATONG 3,"BANDAR TUN RAZAK",26900,094457420,094455375
453,PAHANG,PPD ROMPIN,Kebangsaan,CBA8024,SK (LKTP) KERATONG 8,JALAN SEKOLAH,"BANDAR TUN RAZAK",26900,094431301,094431301
454,PAHANG,PPD ROMPIN,Kebangsaan,CBA8025,SK SUNGAI PUTERI,KM 5 JALAN SABAK,KUALA ROMPIN,26800,094145072,094145072
455,PAHANG,PPD ROMPIN,Kebangsaan,CBA8026,SK (LKTP) SELANCAR 3,"W/P FELDA SELANCAR 3,",MUADZAM SHAH,26700,094381846,094382152
456,PAHANG,PPD ROMPIN,Kebangsaan,CBA8027,SK MELATI,"BANDAR 13 MELATI,PETI SURAT 30","BANDAR TUN RAZAK",26900,094530049,094531063
457,PAHANG,PPD ROMPIN,Kebangsaan,CBA8028,SK BULUH NIPIS,PETI SURAT 41,MUADZAM SHAH,26700,094531084,094530649
458,PAHANG,PPD ROMPIN,Kebangsaan,CBA8029,SK DENAI,D/A PPD ROMPIN,KUALA ROMPIN,26800,094120037,094120036
459,PAHANG,PPD ROMPIN,Kebangsaan,CBA8030,SK SG. MOK (JHEOA),"SK SUNGAI MOK, D/A PPD ROMPIN",KUALA ROMPIN,26800,"0109055560",TIADA
460,PAHANG,PPD ROMPIN,Kebangsaan,CBA8031,SK MUKUT,PULAU TIOMAN ROMPIN,MERSING,86800,094120112,094120420
461,PAHANG,PPD ROMPIN,Kebangsaan,CBA8032,SK JUARA,"KAMPUNG JUARA,PULAU TIOMAN,PAHANG",MERSING,86800,094193162,094193162
462,PAHANG,PPD ROMPIN,Kebangsaan,CBA8033,SK BANDAR TUN RAZAK,JALAN UTAMA BANDAR TUN ABDUL RAZAK,"BANDAR TUN   RAZAK",26900,094455876,094455876
463,PAHANG,PPD ROMPIN,Kebangsaan,CBA8034,SK (LKTP) KERATONG 7,FELDA KERATONG 7,MUADZAM SHAH,26700,094471593,094471343
464,PAHANG,PPD ROMPIN,Kebangsaan,CBA8035,SK KAMPONG KOLAM,JALAN KAMPUNG KOLAM,KUALA ROMPIN,26800,094140252,094140251
465,PAHANG,PPD ROMPIN,Kebangsaan,CBA8036,SK MUADZAM JAYA,JALAN SEKOLAH AGAMA,MUADZAM SHAH,26700,094526257,094526255
466,PAHANG,PPD ROMPIN,Kebangsaan,CBA8037,SK KERATONG 10,"JALAN UTAMA, FELDA KERATONG 10",MUADZAM SHAH,26700,094431767,094431811
467,PAHANG,PPD ROMPIN,Kebangsaan,CBA8038,SK JANGLAU,"KM 16,JALAN ENDAU-ROMPIN",KUALA ROMPIN,26820,094140060,094140062
468,PAHANG,PPD ROMPIN,Kebangsaan,CBA8039,SK (LKTP) SELENDANG 4,SK (LKTP) SELENDANG 4,KUALA ROMPIN,26800,094140221,094140221
469,PAHANG,PPD TEMERLOH,Jenis Kebangsaan (C),CBC0022,SJK(C) SUNGAI KAWANG,LADANG SUNGAI KAWANG,LANCHANG,28500,"0199488211",TIADA
470,PAHANG,PPD TEMERLOH,Jenis Kebangsaan (C),CBC7074,SJK(C) KHEE CHEE,JALAN HAMZAH,TEMERLOH,28000,092901343,092901344
471,PAHANG,PPD TEMERLOH,Jenis Kebangsaan (C),CBC7075,SJK(C) MENTAKAB (1),JALAN TEMERLOH,MENTAKAB,28400,092771776,092771776
472,PAHANG,PPD TEMERLOH,Jenis Kebangsaan (C),CBC7076,SJK(C) MENTAKAB (2),JALAN TEMERLOH,MENTAKAB,28400,092771394,092771394
473,PAHANG,PPD TEMERLOH,Jenis Kebangsaan (C),CBC7077,SJK(C) LANCHANG,"PEKAN LANCHANG, JALAN KARAK",LANCHANG,28500,092804175,092804175
474,PAHANG,PPD TEMERLOH,Jenis Kebangsaan (C),CBC7078,SJK(C) YEOW CHENG LUAN,"KAW. PERINDUSTRIAN, MENTAKAB",MENTAKAB,28400,092782468,092782468
475,PAHANG,PPD TEMERLOH,Jenis Kebangsaan (C),CBC7085,SJK(C) KERDAU,JALAN JERANTUT,KERDAU,28010,092846562,092846562
476,PAHANG,PPD TEMERLOH,Jenis Kebangsaan (C),CBC7087,SJK(C) KUALA KRAU,KUALA KRAU,TEMERLOH,28050,092861318,092861121
477,PAHANG,PPD TEMERLOH,Jenis Kebangsaan (T),CBD0043,SJK(T) LADANG SUNGAI KAWANG,LADANG SUNGAI KAWANG,LANCHANG,28500,"0129545654",TIADA
478,PAHANG,PPD TEMERLOH,Jenis Kebangsaan (T),CBD7089,SJK(T) MENTAKAB,JALAN TEMERLOH,MENTAKAB,28400,092781392,092781392
479,PAHANG,PPD TEMERLOH,Jenis Kebangsaan (T),CBD7090,SJK(T) LDG EDENSOR,NO. PETI SURAT 55,MENTAKAB,28400,"0169500025",TIADA
480,PAHANG,PPD TEMERLOH,Jenis Kebangsaan (T),CBD7091,SJK(T) LDG MENTAKAB,"LADANG MENTAKAB, JALAN KARAK",MENTAKAB,28400,"0139541355",TIADA
481,PAHANG,PPD TEMERLOH,Jenis Kebangsaan (T),CBD7092,SJK(T) LDG TEKAL,LADANG SG TEKAL JALAN JERANTUT,KUALA KRAU,28050,092862605,092862605
482,PAHANG,PPD TEMERLOH,Jenis Kebangsaan (T),CBD7093,SJK(T) LDG BEE YONG,LADANG BEE YONG JALAN JERANTUT,MENTAKAB,28409,"0199314586",TIADA
483,PAHANG,PPD TEMERLOH,Jenis Kebangsaan (T),CBD7094,SJK(T) LDG SEMANTAN,LADANG SEMANTAN,MENTAKAB,28400,092784662,092784662
484,PAHANG,PPD TEMERLOH,Jenis Kebangsaan (T),CBD7095,SJK(T) LDG YEOW CHENG LUAN,"LDG  YEOW CHENG LUAN,",MENTAKAB,28407,"0199188052(G",TIADA
485,PAHANG,PPD TEMERLOH,Jenis Kebangsaan (T),CBD7096,SJK(T) LDG LANCHANG,LADANG LANCHANG,LANCHANG,28500,"0122305803",TIADA
486,PAHANG,PPD TEMERLOH,Kebangsaan,CBA0014,SK (FELDA) LAKUM,FELDA LAKUM,LANCHANG,28500,092804614,092804614
487,PAHANG,PPD TEMERLOH,Kebangsaan,CBA7008,SK BATU KAPOR,KG BATU KAPOR,MENTAKAB,28400,092701720,092776871
488,PAHANG,PPD TEMERLOH,Kebangsaan,CBA7010,SK RANTAU PANJANG,"BATU 12, JALAN KARAK",LANCHANG,28500,"0129097732",092803199
489,PAHANG,PPD TEMERLOH,Kebangsaan,CBA7011,SK LUBOK TERUA,KM 4 JALAN MEMPATEH,LANCHANG,28500,092803846,092803846
490,PAHANG,PPD TEMERLOH,Kebangsaan,CBA7012,SK BOLOK,JALAN BOLOK-LANCHANG,LANCHANG,28500,092804127,092804127
491,PAHANG,PPD TEMERLOH,Kebangsaan,CBA7013,SK KUALA KAUNG,KG KUALA KAUNG,LANCHANG,28500,092803887,092803887
492,PAHANG,PPD TEMERLOH,Kebangsaan,CBA7014,SK PAYA ARA,"KERDAU, JALAN JERANTUT",TEMERLOH,28010,092847487,092846122
493,PAHANG,PPD TEMERLOH,Kebangsaan,CBA7015,SK SANGGANG,KG SANGGANG,TEMERLOH,28020,092846148,092846162
494,PAHANG,PPD TEMERLOH,Kebangsaan,CBA7016,SK SANGGANG SEBERANG,JALAN SEBERANG TEMERLOH,TEMERLOH,28020,092791566,092791566
495,PAHANG,PPD TEMERLOH,Kebangsaan,CBA7017,SK BINTANG,JALAN SEBERANG TEMERLOH.,TEMERLOH,28000,092791716,092791716
496,PAHANG,PPD TEMERLOH,Kebangsaan,CBA7018,SK TELOK SENTANG,JALAN SEBERANG TEMERLOH,TEMERLOH,28000,092791275,092791275
497,PAHANG,PPD TEMERLOH,Kebangsaan,CBA7019,SK PAYA TARAM,JALAN JERANTUT,TEMERLOH,28010,092847500,092847500
498,PAHANG,PPD TEMERLOH,Kebangsaan,CBA7020,SK KERDAU,JALAN JERANTUT,TEMERLOH,28010,092846489,092846489
499,PAHANG,PPD TEMERLOH,Kebangsaan,CBA7021,SK LIPAT KAJANG,JALAN JERANTUT,MENTAKAB,28010,092846511,092846511
500,PAHANG,PPD TEMERLOH,Kebangsaan,CBA7022,SK KUALA TEKAL,KG KUALA TEKAL,KUALA KRAU,28050,092847672,092847672
501,PAHANG,PPD TEMERLOH,Kebangsaan,CBA7023,SK PULAU PASIR MANDI,JALAN JERANTUT,KERDAU,28010,092847100,092847100
502,PAHANG,PPD TEMERLOH,Kebangsaan,CBA7024,SK BATU SAWAR,JALAN SEBERANG TEMERLOH,TEMERLOH,28010,"0193713855",TIADA
503,PAHANG,PPD TEMERLOH,Kebangsaan,CBA7025,SK JENDERAK,JALAN TEMERLOH JERANTUT,KUALA KRAU,28050,092862891,092862891
504,PAHANG,PPD TEMERLOH,Kebangsaan,CBA7026,SK GUNONG SENYUM,JALAN SEBERANG TEMERLOH,KUALA KRAU,28050,"0199325817",TIADA
505,PAHANG,PPD TEMERLOH,Kebangsaan,CBA7027,SK KUALA KRAU,JALAN JERANTUT,KUALA KRAU,28050,092862443,092862443
506,PAHANG,PPD TEMERLOH,Kebangsaan,CBA7028,SK PAYA LUAS,KG PAYA LUAS,KUALA KRAU,28050,092862967,092862967
507,PAHANG,PPD TEMERLOH,Kebangsaan,CBA7029,SK KUALA MAI BHARU,JALAN JERANTUT,KUALA KRAU,28050,092862029,092862875
508,PAHANG,PPD TEMERLOH,Kebangsaan,CBA7030,SK BANGAU,KAMPUNG BANGAU TANJUNG,TEMERLOH,28000,092965216,092965216
509,PAHANG,PPD TEMERLOH,Kebangsaan,CBA7031,SK BANDAR MENTAKAB,"KM 2, JALAN TEMERLOH",MENTAKAB,28400,092772900,092781742
510,PAHANG,PPD TEMERLOH,Kebangsaan,CBA7032,SK BANDAR TEMERLOH,JALAN MERDEKA,TEMERLOH,28000,092901361,092901360
511,PAHANG,PPD TEMERLOH,Kebangsaan,CBA7033,SK TANJUNG LALANG,"KM 3, JALAN TEMERLOH-MENTAKAB",TEMERLOH,28000,092901030,092901031
512,PAHANG,PPD TEMERLOH,Kebangsaan,CBA7034,SK KAMPUNG TENGAH,JALAN TRIANG,TEMERLOH,28000,092961595,092960595
513,PAHANG,PPD TEMERLOH,Kebangsaan,CBA7035,SK BELENGU,JALAN TRIANG,TEMERLOH,28000,092968940,092966625
514,PAHANG,PPD TEMERLOH,Kebangsaan,CBA7037,SK LEBAK,JALAN TRIANG,TEMERLOH,28000,092445797,092445797
515,PAHANG,PPD TEMERLOH,Kebangsaan,CBA7046,SK PAYA PULAI,KM 6 JALAN MARAN,TEMERLOH,28000,092971241,092971327
516,PAHANG,PPD TEMERLOH,Kebangsaan,CBA7053,SK BATU BOR,CHEN0R,CHENOR,28100,"0199530227",TIADA
517,PAHANG,PPD TEMERLOH,Kebangsaan,CBA7054,SK GUAI,JALAN MARAN,TEMERLOH,28040,092790054,092790054
518,PAHANG,PPD TEMERLOH,Kebangsaan,CBA7056,SK TELOK IRA,JALAN SEBERANG TEMERLOH,TEMERLOH,28000,092971131,092971442
519,PAHANG,PPD TEMERLOH,Kebangsaan,CBA7059,SK DESA BAKTI,"KM 11, JALAN KARAK",MENTAKAB,28400,092775585,092775585
520,PAHANG,PPD TEMERLOH,Kebangsaan,CBA7060,SK SERI SONGSANG,JALAN JERANTUT,TEMERLOH,28020,092847411,092847761
521,PAHANG,PPD TEMERLOH,Kebangsaan,CBA7122,SK (FELDA) JENDERAK UTARA,FELDA JENDERAK UTARA,KUALA KRAU,28050,092861171,092861029
522,PAHANG,PPD TEMERLOH,Kebangsaan,CBA7131,SK CHARUK PUTING,JALAN MARAN,TEMERLOH,28000,092971455,092971455
523,PAHANG,PPD TEMERLOH,Kebangsaan,CBA7140,SK (FELDA) JENDERAK SELATAN,KUALA KRAU,"KUALA KRAU,",28050,092861733,092861098
524,PAHANG,PPD TEMERLOH,Kebangsaan,CBA7141,SK (FELDA) BUKIT DAMAR,JALAN FELDA BUKIT DAMAR,LANCHANG,28500,092804402,092804402
525,PAHANG,PPD TEMERLOH,Kebangsaan,CBA7144,SK (FELDA) JENGKA 23,FELDA JENGKA 23,BANDAR JENGKA,26450,094851741,094851296
526,PAHANG,PPD TEMERLOH,Kebangsaan,CBA7151,SK PENDERAS(JHEOA),KAMPUNG PENDERAS,KUALA KRAU,28050,092780211,092780211
527,PAHANG,PPD TEMERLOH,Kebangsaan,CBA7152,SK SERI TUALANG,"KM 125,  JALAN PINTASAN TEMERLOH/MENTAKAB",TEMERLOH,28000,092901080,092901081
528,PAHANG,PPD TEMERLOH,Kebangsaan,CBA7153,SK SUNGAI GAU,JALAN MARAN,TEMERLOH,28000,092972127,092972127
529,PAHANG,PPD TEMERLOH,Kebangsaan,CBA7154,SK TEMERLOH JAYA,TAMAN TEMERLOH JAYA,TEMERLOH,28000,092960862,092960286
530,PAHANG,PPD TEMERLOH,Kebangsaan,CBA7155,SK MENTAKAB ( CHATIN ),JALAN TEMERLOH-MENTAKAB,MENTAKAB,28400,092701264,092701364
531,PAHANG,PPD TEMERLOH,Kebangsaan,CBA7156,SK TANJUNG BATU,KM 4  JALAN MARAN,TEMERLOH,28000,092791530,TIADA
532,PAHANG,PPD TEMERLOH,Kebangsaan,CBA7157,SK BUKIT CERMIN,JALAN TEMERLOH-MENTAKAB,MENTAKAB,28400,092701507,092701508
533,PAHANG,PPD TEMERLOH,Kebangsaan,CBA7158,SK LANCHANG,LANCHANG,LANCHANG,28500,092803561,092803561
534,PAHANG,PPD TEMERLOH,Kebangsaan,CBA7159,SK MENTAKAB JAYA,JALAN JERANTUT,TEMERLOH,28000,092770300,092770297
535,PAHANG,PPD TEMERLOH,Kebangsaan,CBB7066,SK JALAN BAHAGIA,JALAN BAHAGIA,TEMERLOH,28000,092901971,092901972
536,PAHANG,PPD TEMERLOH,Kebangsaan,CBB7067,SK ABU BAKAR,JALAN SIANTAN,MENTAKAB,28400,092771026,092781026
537,PAHANG,PPD TEMERLOH,Kebangsaan,CCT7001,SRA ISLAM AT TAKWA,"KM 4, TANJONG LALANG,JALAN MENTAKAB",TEMERLOH,28000,092901648,092901647
