BIL,NEGERI,PPD,JENIS SEKOLAH,KOD SEKOLAH,NAMA SEKOLAH,ALAMAT,DAERAH,POSKOD,NO TELEFON,NO FAKS
1,SELANGOR,PPD GOMBAK,Kolej,BHA7001,KOLEJ VOKASIONAL GOMBAK,"JALAN SG PUSU, GOMBAK",KUALA LUMPUR,53100,0361860085,0361860081
2,SELANGOR,PPD GOMBAK,Kolej,BHA8002,KOLEJ VOKASIONAL SUNGAI BULOH,KM 22 JALAN KUALA SELANGOR,SUNGAI BULOH,47000,0361565433,0361575031
3,SELANGOR,PPD GOMBAK,SM agama,BFT7001,SAM RAWANG,BATU 16 JALAN IPOH,RAWANG,48000,0360918934,0360922028
4,SELANGOR,PPD GOMBAK,SM agama,BFT8001,SAM PAYA JARAS,PERSIARAN ELMINA,SUNGAI BULOH,47000,0102553958,""
5,SELANGOR,PPD GOMBAK,"SM Berasrama Penuh",BRA7001,SBPI RAWANG,BANDAR TASIK PUTERI,RAWANG,48020,0360928192,0360917309
6,SELANGOR,PPD GOMBAK,"SM Berasrama Penuh",BRA7002,SBPI GOMBAK,"BATU 8, JALAN SUNGAI PUSU, GOMBAK",KUALA LUMPUR,53100,0361863050,0361858472
7,SELANGOR,PPD GOMBAK,SM Kebangsaan,BEA4619,SMK BUKIT INDAH,TAMAN BUKIT INDAH,AMPANG,68000,0342964989,0342965157
8,SELANGOR,PPD GOMBAK,SM Kebangsaan,BEA7601,SMK GOMBAK SETIA,JALAN SERI SETIA,GOMBAK,53100,0361896329,0361851355
9,SELANGOR,PPD GOMBAK,SM Kebangsaan,BEA7602,SMK TAMAN SELAYANG,JALAN SUNGAI TUA,BATU CAVES,68100,0361896028,0361875303
10,SELANGOR,PPD GOMBAK,SM Kebangsaan,BEA7603,SMK LEMBAH KERAMAT,"JALAN AU4, LEMBAH KERAMAT",KUALA LUMPUR,54200,0341072115,0341068711
11,SELANGOR,PPD GOMBAK,SM Kebangsaan,BEA7604,SMK TAMAN EHSAN,"KEPONG, SELANGOR",KUALA LUMPUR,52100,0362762618,0362755767
12,SELANGOR,PPD GOMBAK,SM Kebangsaan,BEA7605,SMK RAWANG,"KM 25.6, JALAN IPOH",RAWANG,48000,0360917240,0360924881
13,SELANGOR,PPD GOMBAK,SM Kebangsaan,BEA7606,SMK TAMAN KERAMAT,JALAN ENGGANG TIMUR 4,KUALA LUMPUR,54200,0342579837,0342574344
14,SELANGOR,PPD GOMBAK,SM Kebangsaan,BEA7607,SMK SERI GOMBAK,TAMAN GREENWOOD,BATU CAVES,68100,0361895384,0361869505
15,SELANGOR,PPD GOMBAK,SM Kebangsaan,BEA7608,SMK HILLCREST,TAMAN SERI GOMBAK,BATU CAVES,68100,0361884777,0361852582
16,SELANGOR,PPD GOMBAK,SM Kebangsaan,BEA7609,SMK IDEAL HEIGHTS,JLN BUKIT IDAMAN,BATU CAVES,68100,0361371944,0361351746
17,SELANGOR,PPD GOMBAK,SM Kebangsaan,BEA7610,SMK TAMAN MELAWATI,"JALAN J5,",GOMBAK,53100,0341087723,0341086093
18,SELANGOR,PPD GOMBAK,SM Kebangsaan,BEA7612,SMK SERI SELAYANG,JALAN SUNGAI TUA,BATU CAVES,68100,0361853448,0361874508
19,SELANGOR,PPD GOMBAK,SM Kebangsaan,BEA7613,SMK SUNGAI KERTAS,KG. SUNGAI KERTAS,BATU CAVES,68100,0361853532,0361862591
20,SELANGOR,PPD GOMBAK,SM Kebangsaan,BEA7614,SMK SERI KERAMAT,"JALAN AU4, LEMBAH KERAMAT",KUALA LUMPUR,54200,0341065002,0341053033
21,SELANGOR,PPD GOMBAK,SM Kebangsaan,BEA7615,SMK DARUL EHSAN,"JALAN 29, SELAYANG BARU",BATU CAVES,68100,0361364877,0361352404
22,SELANGOR,PPD GOMBAK,SM Kebangsaan,BEA7616,SMK SUNGAI PUSU,"KM 11, JALAN GOMBAK",KUALA LUMPUR,53100,0361861701,0361871512
23,SELANGOR,PPD GOMBAK,SM Kebangsaan,BEA7617,SMK TAMAN DESA,BANDAR COUNTRY HOMES,RAWANG,48000,0360917935,0360917930
24,SELANGOR,PPD GOMBAK,SM Kebangsaan,BEA7618,SMK BANDAR TASIK PUTERI,BANDAR TASIK PUTERI,RAWANG,48000,0360342885,0360345350
25,SELANGOR,PPD GOMBAK,SM Kebangsaan,BEA7619,SMK BUKIT RAHMAN PUTRA,"JALAN BRP 7/1, BUKIT RAHMAN PUTRA",SUNGAI BULOH,47000,0361574670,0361574653
26,SELANGOR,PPD GOMBAK,SM Kebangsaan,BEA7620,SMK SERI KUNDANG,KAMPUNG MELAYU SRI KUNDANG,RAWANG,48020,0360342395,0360342642
27,SELANGOR,PPD GOMBAK,SM Kebangsaan,BEA7621,SMK TAMAN DESA 2,"JALAN DESA JAYA, BANDAR COUNTRY HOMES",RAWANG,48000,0367337872,0367337870
28,SELANGOR,PPD GOMBAK,SM Kebangsaan,BEA7622,SMK SIERRAMAS,"JALAN HOSPITAL,SUNGAI BULOH.",SUNGAI BULOH,47000,0361402562,0361402572
29,SELANGOR,PPD GOMBAK,SM Kebangsaan,BEA7623,SMK TUN PERAK,TAMAN TUN PERAK,RAWANG,48000,0123307202,TIADA
30,SELANGOR,PPD GOMBAK,SM Kebangsaan,BEA8605,SMK BUKIT GADING,"KM. 26, SG. PLONG",SUNGAI BULOH,47000,0360383258,0360381421
31,SELANGOR,PPD GOMBAK,SM Kebangsaan,BEA8620,SMK BANDAR BARU SUNGAI BULOH,"JALAN BRP 1/10A, BANDAR BARU SUNGAI BULOH",SUNGAI BULOH,47000,0361568849,0361576041
32,SELANGOR,PPD GOMBAK,SM Kebangsaan,BEB7651,SMK KEPONG,"JALAN FRIM, KEPONG",KUALA LUMPUR,52100,0362740080,0362756009
33,SELANGOR,PPD GOMBAK,SM Kebangsaan,BEB7652,SMK HULU KELANG,"KM 7, JALAN HULU KELANG",AMPANG,68000,0342565159,0342532985
34,SELANGOR,PPD GOMBAK,SM Kebangsaan,BEB7653,SMK SELAYANG BHARU,"JALAN 29, SELAYANG BHARU",BATU CAVES,68100,0361386340,0361387109
35,SELANGOR,PPD GOMBAK,SM Kebangsaan,BEB7654,SMK SERI GARING,JALAN KUALA GARING,RAWANG,48000,0360916491,0360927264
36,SELANGOR,PPD GOMBAK,SM Kebangsaan,BEB7655,SMK TUANKU ABDUL RAHMAN,BATU ARANG,RAWANG,48100,0360352237,0360353198
37,SELANGOR,"PPD HULU LANGAT",Kolej,BKA4001,KOLEJ VOKASIONAL KAJANG,JALAN SEMENYIH,KAJANG,43000,0387363955,0387370354
38,SELANGOR,"PPD HULU LANGAT",SM agama,BFT4001,SAM HULU LANGAT,"BATU 10, JALAN CHERAS",CHERAS,43200,0390751343,0390754537
39,SELANGOR,"PPD HULU LANGAT","SM Berasrama Penuh",BRA4003,SMA PERSEKUTUAN (SMBP),BATU 13 JALAN CHERAS,KAJANG,43000,0387362324,0387360502
40,SELANGOR,"PPD HULU LANGAT",SM Kebangsaan,BEA4601,SMK TAMAN TASIK,JALAN TASIK TAMBAHAN 2,AMPANG,68000,0342912049,0342932049
41,SELANGOR,"PPD HULU LANGAT",SM Kebangsaan,BEA4603,SMK BANDAR BARU BANGI,"JALAN 1/7E, BANDAR BARU BANGI,","BANDAR BARU BANGI",43650,0389250245,0389251590
42,SELANGOR,"PPD HULU LANGAT",SM Kebangsaan,BEA4604,SMK SULTAN ABDUL AZIZ SHAH (INTEG),"KM 22, JALAN CHERAS",KAJANG,43000,0387376387,0387371267
43,SELANGOR,"PPD HULU LANGAT",SM Kebangsaan,BEA4605,SMK KHIR JOHARI,JALAN SEMENYIH,BERANANG,43700,0387667230,0387669652
44,SELANGOR,"PPD HULU LANGAT",SM Kebangsaan,BEA4606,SMK ABDUL JALIL,"BT 14, P POS HULU LANGAT",HULU LANGAT,43100,0390211332,0390214452
45,SELANGOR,"PPD HULU LANGAT",SM Kebangsaan,BEA4608,SMK ENGKU HUSAIN,KAMPUNG BARU CINA (SEMENYIH),SEMENYIH,43500,0387238285,0387242569
46,SELANGOR,"PPD HULU LANGAT",SM Kebangsaan,BEA4609,SMK TAMAN KOSAS,"JALAN KOSAS 2/2, TAMAN KOSAS",AMPANG,68000,0342936130,0342958742
47,SELANGOR,"PPD HULU LANGAT",SM Kebangsaan,BEA4610,SMK TAMAN SERAYA,JALAN BUNGA MELATI 8,AMPANG,56100,0342923696,0342953820
48,SELANGOR,"PPD HULU LANGAT",SM Kebangsaan,BEA4611,SMK PERIMBUN,"KM.16, JALAN CHERAS",CHERAS,43200,0390745828,0390745828
49,SELANGOR,"PPD HULU LANGAT",SM Kebangsaan,BEA4612,SMK TASEK PERMAI,"JALAN PERMAI K,",AMPANG,68000,0342961829,0342961009
50,SELANGOR,"PPD HULU LANGAT",SM Kebangsaan,BEA4613,SMK JALAN REKO,JALAN REKO,KAJANG,43000,0387372912,0387390225
51,SELANGOR,"PPD HULU LANGAT",SM Kebangsaan,BEA4614,SMK JALAN TIGA,JALAN 3/4,"BANDAR BARU BANGI",43650,0389261755,0389262755
52,SELANGOR,"PPD HULU LANGAT",SM Kebangsaan,BEA4615,SMK PANDAN JAYA,"JALAN PANDAN 5, PANDAN JAYA",CHERAS,55100,0392838235,0392837919
53,SELANGOR,"PPD HULU LANGAT",SM Kebangsaan,BEA4616,SMK PANDAN INDAH,"JALAN PANDAN ILMU,",AMPANG,55100,0342956866,0342957566
54,SELANGOR,"PPD HULU LANGAT",SM Kebangsaan,BEA4617,SMK CHERAS PERDANA,"LORONG CP5/39, TMN CHERAS PERDANA,BT 9 3/4,",CHERAS,43200,0390769576,0390750210
55,SELANGOR,"PPD HULU LANGAT",SM Kebangsaan,BEA4618,SMK DATO' AHMAD RAZALI,"JALAN 13A, AMPANG JAYA",AMPANG,68000,0342511650,0342510377
56,SELANGOR,"PPD HULU LANGAT",SM Kebangsaan,BEA4620,SMK CHERAS JAYA,"JALAN 3/13, TAMAN CHERAS JAYA, BALAKONG",CHERAS,43200,0390805423,0390750522
57,SELANGOR,"PPD HULU LANGAT",SM Kebangsaan,BEA4621,SMK SAUJANA IMPIAN,"KM22, JALAN CHERAS,",KAJANG,43000,0387397609,0387331602
58,SELANGOR,"PPD HULU LANGAT",SM Kebangsaan,BEA4622,SMK BANDAR BARU AMPANG,BANDAR BARU AMPANG,AMPANG,68000,0342957800,0342959800
59,SELANGOR,"PPD HULU LANGAT",SM Kebangsaan,BEA4623,SMK BANDAR BARU SUNGAI LONG,"JALAN SUNGAI LONG, BDR BARU SUNGAI LONG",KAJANG,43000,0390753549,0390753784
60,SELANGOR,"PPD HULU LANGAT",SM Kebangsaan,BEA4624,SMK JALAN EMPAT,JALAN 4/10 SEKSYEN 4,"BANDAR BARU BANGI",43650,0389258028,0389254749
61,SELANGOR,"PPD HULU LANGAT",SM Kebangsaan,BEA4625,SMK KAJANG UTAMA,TAMAN KAJANG UTAMA,KAJANG,43000,0387338414,0387338414
62,SELANGOR,"PPD HULU LANGAT",SM Kebangsaan,BEA4626,SMK TAMAN JASMIN 2,"JALAN KP 3/1, KAJANG PRIMA",KAJANG,43000,0387344522,0387345925
63,SELANGOR,"PPD HULU LANGAT",SM Kebangsaan,BEA4627,SMK DUSUN NANDING,"KM 17, JALAN HULU LANGAT",HULU LANGAT,43100,0390756715,0390756715
64,SELANGOR,"PPD HULU LANGAT",SM Kebangsaan,BEA4628,SMK BANDAR TASIK KESUMA,"JALAN KESUMA 7/1, BANDAR TASIK KESUMA",BERANANG,43700,0387667599,0387660669
65,SELANGOR,"PPD HULU LANGAT",SM Kebangsaan,BEA4629,SMK BANDAR DAMAI PERDANA,"JALAN  DAMAI PERDANA 2, CHERAS (HULU LANGAT)",KUALA LUMPUR,56000,0391012514,0391021605
66,SELANGOR,"PPD HULU LANGAT",SM Kebangsaan,BEA4630,SMK BANDAR TUN HUSSEIN ONN 2,"PERSIARAN SUADAMAI, BANDAR TUN HUSSEIN ONN",CHERAS,43200,0390766753,0390763467
67,SELANGOR,"PPD HULU LANGAT",SM Kebangsaan,BEA4631,SMK PANDAN MEWAH,"JALAN PANDAN MEWAH 1, PANDAN MEWAH",KUALA LUMPUR,55100,0342954210,0342977040
68,SELANGOR,"PPD HULU LANGAT",SM Kebangsaan,BEA4632,SMK BANDAR RINCHING,SEKSYEN 5,SEMENYIH,43500,0387247578,0387248206
69,SELANGOR,"PPD HULU LANGAT",SM Kebangsaan,BEA4633,SMK BANDAR SERI PUTRA,"PERSIARAN SERI PUTRA 1, BANDAR SERI PUTRA",KAJANG,43000,03-89265675,03-89265682
70,SELANGOR,"PPD HULU LANGAT",SM Kebangsaan,BEA4634,SMK DESA SERDANG,"JALAN DESA SERDANG 10, TAMAN DESA SERDANG",SERI KEMBANGAN,43300,0389408523,0389408642
71,SELANGOR,"PPD HULU LANGAT",SM Kebangsaan,BEB4068,SMK  CONVENT (M),JALAN GEREJA,KAJANG,43000,0387331525,0387331525
72,SELANGOR,"PPD HULU LANGAT",SM Kebangsaan,BEB4069,SMK TINGGI KAJANG,JALAN SEMENYIH,KAJANG,43000,0387363044,0387341478
73,SELANGOR,"PPD HULU LANGAT",SM Kebangsaan,BEB4070,SMJK YU HUA,JALAN LOW TI KOK,KAJANG,43000,0387367514,0387368670
74,SELANGOR,"PPD HULU LANGAT",SM Kebangsaan,BEB4071,SMK JALAN BUKIT,JALAN BUKIT,KAJANG,43000,0387331235,0387394787
75,SELANGOR,"PPD HULU LANGAT",SMK Agama,BRA4001,SMKA MAAHAD HAMIDIAH,JALAN SUNGAI RAMAL LUAR,KAJANG,43000,0387376300,0387376295
76,SELANGOR,"PPD HULU SELANGOR",SM agama,BFT5001,SAM SUNGAI SELISEK,KAMPUNG SG SELISEK,K.KUBU BHARU,44020,054541632,054541632
77,SELANGOR,"PPD HULU SELANGOR",SM agama,BFT5002,SAMT KUALA KUBU BHARU,JALAN PAHANG,"KUALA KUBU BHARU",44000,0360641224,0360644800
78,SELANGOR,"PPD HULU SELANGOR","SM Berasrama Penuh",BEA5067,SM SAINS HULU SELANGOR,"HULU YAM BHARU,",BATANG KALI,44300,0360753838,0360751416
79,SELANGOR,"PPD HULU SELANGOR",SM Kebangsaan,BEA5061,SMK KUALA KUBU BHARU,"JALAN KOLAM AIR,","KUALA KUBU BHARU",44000,0360641162,0360641162
80,SELANGOR,"PPD HULU SELANGOR",SM Kebangsaan,BEA5062,SMK KAMPONG SOEHARTO,FELDA KG. SOEHARTO,"KUALA KUBU BHARU",44010,0360461193,0360461193
81,SELANGOR,"PPD HULU SELANGOR",SM Kebangsaan,BEA5063,SMK SUNGAI CHOH,KG. SUNGAI CHOH,RAWANG,48000,0360916081,0360933750
82,SELANGOR,"PPD HULU SELANGOR",SM Kebangsaan,BEA5064,SMK KALUMPANG,JALAN RUMAH MURAH KALUMPANG,KERLING,44100,0360491676,0360491629
83,SELANGOR,"PPD HULU SELANGOR",SM Kebangsaan,BEA5065,SMK GEDANGSA,KAMPUNG GEDANGSA,"KUALA KUBU BHARU",44020,0360461340,0360461150
84,SELANGOR,"PPD HULU SELANGOR",SM Kebangsaan,BEA5066,SMK BUKIT SENTOSA,"BANDAR BARU BUKIT SENTOSA,",RAWANG,48300,0360283611,0360284694
85,SELANGOR,"PPD HULU SELANGOR",SM Kebangsaan,BEA5068,SMK AMPANG PECAH,JALAN HAMZAH,"KUALA KUBU BHARU",44000,0360644109,0360644109
86,SELANGOR,"PPD HULU SELANGOR",SM Kebangsaan,BEA5069,SMK BANDAR BARU BATANG KALI,"SEKSYEN 3, BANDAR UTAMA BATANG KALI",BATANG KALI,44300,0360573820,0360573516
87,SELANGOR,"PPD HULU SELANGOR",SM Kebangsaan,BEA5070,SMK BANDAR SUNGAI BUAYA,BANDAR SUNGAI BUAYA,RAWANG,48010,0360285382,0360283771
88,SELANGOR,"PPD HULU SELANGOR",SM Kebangsaan,BEA5071,SMK TAMAN BUNGA RAYA (1),BUKIT BERUNTUNG,RAWANG,48300,0360216189,0360216189
89,SELANGOR,"PPD HULU SELANGOR",SM Kebangsaan,BEA5072,SMK SERENDAH,JALAN CEMPAKA,SERENDAH,48200,0360815854,0360812418
90,SELANGOR,"PPD HULU SELANGOR",SM Kebangsaan,BEA5073,SMK BUKIT SENTOSA 2,"JALAN ANGGERIK 4, BANDAR BARU BUKITSENTOSA 7",RAWANG,48300,0360212116,0360212120
91,SELANGOR,"PPD HULU SELANGOR",SM Kebangsaan,BEB5065,SMK SYED MASHOR,JALAN BATANG KALI - ULU YAM,BATANG KALI,44300,0360573245,0360573245
92,SELANGOR,"PPD HULU SELANGOR",SM Kebangsaan,BEB5066,SMK DATO' HJ KAMARUDDIN,JALAN RASATHURAI,"KUALA KUBU BHARU",44000,0360641378,0360652378
93,SELANGOR,PPD KLANG,Kolej,BKE0001,KOLEJ VOKASIONAL KLANG,"KM. 3, PERSIARAN TENGKU AMPUAN RAHIMAH",KLANG,41200,0333234507,0333231284
94,SELANGOR,PPD KLANG,SM agama,BFT0001,SAMT SULTAN HISAMUDDIN,"JALAN KOTA RAJA, KG JAWA",KLANG,41000,0333713793,0333732594
95,SELANGOR,PPD KLANG,SM agama,BFT0002,SAM HISAMUDDIN,"JALAN TEPI SUNGAI, SUNGAI BERTIH",KLANG,41100,0333724120,0333742673
96,SELANGOR,PPD KLANG,SM agama,BFT0003,SAM NURUL IMAN,KAMPUNG BUKIT CHERAKAH,KLANG,41050,0333931066,0333926054
97,SELANGOR,PPD KLANG,"SM Berasrama Penuh",BRA0001,KOLEJ ISLAM SULTAN ALAM SHAH (SMBP),"PETI SURAT 64, JLN KOTA RAJA, KAMPUNG JAWA",KLANG,41906,0333711658,0333721148
98,SELANGOR,PPD KLANG,SM Kebangsaan,BEA0091,SMK RAJA MAHADI,TAMAN KLANG JAYA,KLANG,41200,0333231923,0333242091
99,SELANGOR,PPD KLANG,SM Kebangsaan,BEA0092,SMK RAJA LUMU,"JALAN RAJA LUMU, PANDAMARAN","PELABUHAN KLANG",42000,0331685844,0331654349
100,SELANGOR,PPD KLANG,SM Kebangsaan,BEA0093,SMK TENGKU AMPUAN RAHIMAH,PERSIARAN RAJA MUDA MUSA,KLANG,41200,0333718582,0333737929
101,SELANGOR,PPD KLANG,SM Kebangsaan,BEA0094,SMK TENGKU AMPUAN JEMAAH,JALAN PANDAMARAN,"PELABUHAN KLANG",42000,0331686939,0331657834
102,SELANGOR,PPD KLANG,SM Kebangsaan,BEA0095,SMK TENGKU IDRIS SHAH,JALAN TAP,KAPAR,42200,0332508368,0332501104
103,SELANGOR,PPD KLANG,SM Kebangsaan,BEA0096,SMK SULTAN ABDUL SAMAD,"JALAN LANDASAN, BUKIT KUDA",KLANG,41300,0333414198,0333446984
104,SELANGOR,PPD KLANG,SM Kebangsaan,BEA0097,SMK PULAU INDAH,"LOT PT 79478 PERSIARAN PULAU LUMUT, K12 SEKSYEN 10","PELABUHAN KLANG",42920,0331012046,0331013046
105,SELANGOR,PPD KLANG,SM Kebangsaan,BEA0099,SMK SRI ISTANA,JALAN ISTANA,KLANG,41000,0333724846,0333730941
106,SELANGOR,PPD KLANG,SM Kebangsaan,BEA0100,SMK RANTAU PANJANG,JALAN KAPAR,KLANG,42100,0332911004,0332906367
107,SELANGOR,PPD KLANG,SM Kebangsaan,BEA0101,SMK (P) KAPAR,PERSIARAN HAMZAH ALANG,KAPAR,42200,0332506565,0332501049
108,SELANGOR,PPD KLANG,SM Kebangsaan,BEA0102,SMK PENDAMARAN JAYA,"JALAN YOUNG, PANDAMARAN","PELABUHAN KLANG",42000,0331682398,0331672398
109,SELANGOR,PPD KLANG,SM Kebangsaan,BEA0103,SMK TELOK GADONG,"JALAN SERAMPANG 3, OFF JALAN TELUK PULAI",KLANG,41100,0333710804,0333722259
110,SELANGOR,PPD KLANG,SM Kebangsaan,BEA0104,SMK SRI ANDALAS,"JALAN SRI DAMAK 10, TAMAN SRI ANDALAS",KLANG,41200,0333737394,0333730981
111,SELANGOR,PPD KLANG,SM Kebangsaan,BEA0105,SMK JALAN KEBUN,BATU 7 JALAN KEBUN SEKSYEN 32,SHAH ALAM,40460,"60351613964",0351618324
112,SELANGOR,PPD KLANG,SM Kebangsaan,BEA0106,SMK KAMPUNG JAWA,JALAN RAJA NONG,KLANG,41000,0333734348,0333722953
113,SELANGOR,PPD KLANG,SM Kebangsaan,BEA0107,SMK TAMAN  KLANG UTAMA,"PERSIARAN SG. KERAMAT, TAMAN KLANG UTAMA",KLANG,42100,0332918081,0332904276
114,SELANGOR,PPD KLANG,SM Kebangsaan,BEA0108,SMK KOTA KEMUNING,"LOT. 4, JLN ANGGERIK DORITIS 31/143, KOTA KEMUNING",SHAH ALAM,40460,0351219140,0351219148
115,SELANGOR,PPD KLANG,SM Kebangsaan,BEA0109,SMK BANDAR BARU SULTAN SULEIMAN,LEBUH SULTAN ABDUL SAMAD,"PELABUHAN KLANG",42000,0331760464,0331760466
116,SELANGOR,PPD KLANG,SM Kebangsaan,BEA0110,SMK SUNGAI KAPAR INDAH,"JALAN HARAPAN 3A, TAMAN SUNGAI KAPAR INDAH",KAPAR,42200,0332903121,0332903122
117,SELANGOR,PPD KLANG,SM Kebangsaan,BEA0111,SMK SHAHBANDARAYA,JALAN RAJA NONG,KLANG,41000,0333714653,0333714417
118,SELANGOR,PPD KLANG,SM Kebangsaan,BEA0112,SMK BATU UNJUR,"JALAN NILAM 1, BANDAR BUKIT TINGGI",KLANG,41200,0333244054,0333244079
119,SELANGOR,PPD KLANG,SM Kebangsaan,BEA0113,"SEKOLAH MENENGAH KEBANGSAAN BUKIT TINGGI KLANG",JALAN BATU NILAM 1,KLANG,41200,0173879391,""
120,SELANGOR,PPD KLANG,SM Kebangsaan,BEB0099,SMK METHODIST (ACS),JALAN RAYA BARAT,KLANG,41000,0333718814,0333732941
121,SELANGOR,PPD KLANG,SM Kebangsaan,BEB0100,SMJK CHUNG HWA,"1, JALAN NAGASARI 36/10, SEKSYEN 36",SHAH ALAM,40470,0351623531,0351623530
122,SELANGOR,PPD KLANG,SM Kebangsaan,BEB0101,SMK CONVENT,"112, JALAN TENGKU KELANA",KLANG,41000,0333712596,0333726602
123,SELANGOR,PPD KLANG,SM Kebangsaan,BEB0102,SMK TINGGI KLANG,JALAN MERU,KLANG,41050,0333412340,0333440711
124,SELANGOR,PPD KLANG,SM Kebangsaan,BEB0103,SMJK KWANG HUA,TAMAN ENG ANN,KLANG,41150,0333416713,0333424840
125,SELANGOR,PPD KLANG,SM Kebangsaan,BEB0104,SMK LA SALLE,PERSIARAN RAJA MUDA MUSA,KLANG,41200,0333717469,0333736905
126,SELANGOR,PPD KLANG,SM Kebangsaan,BEB0105,SMK (P) METHODIST,JALAN RAYA BARAT,KLANG,41000,0333711330,0333735728
127,SELANGOR,PPD KLANG,SM Kebangsaan,BEB0106,SMK (P) BUKIT KUDA,JALAN PERAK,KLANG,41300,0333424810,0333432282
128,SELANGOR,PPD KLANG,SM Kebangsaan,BEB0108,SMK DATO HAMZAH,JALAN PANDAMARAN,"PELABUHAN KLANG",42000,0331686924,0331686200
129,SELANGOR,PPD KLANG,SM Kebangsaan,BEB0109,SMK (P) RAJA ZARINA,PERSIARAN RAJA MUDA MUSA,"PELABUHAN KLANG",42000,0331688031,0331663605
130,SELANGOR,PPD KLANG,SM Kebangsaan,BEB0111,SMK PULAU KETAM,"PULAU KETAM, PELABUHAN KLANG","PELABUHAN KLANG",42940,0331104314,0331104314
131,SELANGOR,PPD KLANG,"SM+ SR (Model Khas)",BEB0110,SMK MERU,"BATU 7, PEKAN MERU",KLANG,41050,0333921035,0333926735
132,SELANGOR,"PPD KUALA LANGAT",Kolej,BEB1070,KOLEJ VOKASIONAL SULTAN ABDUL SAMAD,TELOK DATOK,BANTING,42700,0331871246,0331871246
133,SELANGOR,"PPD KUALA LANGAT",SM agama,BFT1001,SAM UNWANUS SAADAH,"KM. 39, KANCHONG DARAT,",BANTING,42700,0331872377,0331873277
134,SELANGOR,"PPD KUALA LANGAT",SM agama,BFT1002,SAMT TENGKU AMPUAN RAHIMAH,SUNGAI MANGGIS,BANTING,42700,0331872396,0331813595
135,SELANGOR,"PPD KUALA LANGAT","SM Berasrama Penuh",BEA1074,SEKOLAH MENENGAH SAINS BANTING,"JALAN SULTAN SULEIMAN SHAH , JUGRA",BANTING,42700,0331201597,0331201623
136,SELANGOR,"PPD KUALA LANGAT",SM Kebangsaan,BEA1064,SMK JENJAROM,KG JENJAROM,JENJAROM,42600,0331913977,0331913977
137,SELANGOR,"PPD KUALA LANGAT",SM Kebangsaan,BEA1065,SMK JUGRA,JALAN SULTAN ABDUL SAMAD,BANTING,42700,0331201808,0331203946
138,SELANGOR,"PPD KUALA LANGAT",SM Kebangsaan,BEA1066,SMK TELOK DATOK,JALAN SULTAN ABDUL SAMAD,BANTING,42700,0331871303,0331871303
139,SELANGOR,"PPD KUALA LANGAT",SM Kebangsaan,BEA1068,SMK BATU LAUT,TANJONG SEPAT,TANJONG SEPAT,42800,0331481233,0331481233
140,SELANGOR,"PPD KUALA LANGAT",SM Kebangsaan,BEA1069,SMK TELOK PANGLIMA GARANG,P POS TELOK,"TELOK PANGLIMA GARANG",42500,0331227914,0331229899
141,SELANGOR,"PPD KUALA LANGAT",SM Kebangsaan,BEA1070,SMK BUKIT CHANGGANG,BUKIT CHANGGANG,BANTING,42700,0331491295,0331491458
142,SELANGOR,"PPD KUALA LANGAT",SM Kebangsaan,BEA1071,SMK BANTING,"TELOK DATOK, KUALA LANGAT",BANTING,42700,0331856088,0331812411
143,SELANGOR,"PPD KUALA LANGAT",SM Kebangsaan,BEA1072,SMK SIJANGKANG JAYA,KG. MEDAN,"TELOK PANGLIMA GARANG",42500,0331229403,0331228542
144,SELANGOR,"PPD KUALA LANGAT",SM Kebangsaan,BEA1073,SMK BANDAR BANTING,PERSIARAN MAJLIS,BANTING,42700,0331874817,0331802409
145,SELANGOR,"PPD KUALA LANGAT",SM Kebangsaan,BEB1069,SMK METHODIST,TELOK DATOK,BANTING,42700,0331871532,0331818708
146,SELANGOR,"PPD KUALA LANGAT",SM Kebangsaan,BEB1072,SMK TANJUNG SEPAT,TANJUNG SEPAT,TANJONG SEPAT,42800,0331974229,0331974229
147,SELANGOR,"PPD KUALA LANGAT",SM Kebangsaan,BEB1073,SMK SUNGAI MANGGIS,"KAMPUNG SUNGAI MANGGIS,",BANTING,42700,0331871035,0331801461
148,SELANGOR,"PPD KUALA LANGAT",SM Kebangsaan,BEB1074,SMK PULAU CAREY,PULAU CAREY,PULAU CAREY,42960,0331036143,TIADA
149,SELANGOR,"PPD KUALA SELANGOR",SM agama,BFT3001,SAM JERAM,JERAM,KUALA SELANGOR,45800,0332647396,0332648499
150,SELANGOR,"PPD KUALA SELANGOR",SM agama,BFT3002,SAM TANJONG KARANG,"BATU 9 1/2, JALAN BERNAM",TANJONG KARANG,45500,0332698711,0332690053
151,SELANGOR,"PPD KUALA SELANGOR","SM Berasrama Penuh",BEA3083,SM SAINS KUALA SELANGOR,BANDAR MALAWATI,KUALA SELANGOR,45000,0332891868,0332896631
152,SELANGOR,"PPD KUALA SELANGOR",SM Kebangsaan,BEA3074,SMK SERI TANJUNG,JALAN KERAMAT TANJUNG,KUALA SELANGOR,45000,0332891164,0332896751
153,SELANGOR,"PPD KUALA SELANGOR",SM Kebangsaan,BEA3075,SMK DATO HARUN,"BATU 8, JALAN BERNAM",TANJONG KARANG,45500,0332698151,0332692769
154,SELANGOR,"PPD KUALA SELANGOR",SM Kebangsaan,BEA3077,SMK RAJA MUDA MUSA,JALAN BUKIT BADONG,BESTARI JAYA,45600,0332719091,0332717226
155,SELANGOR,"PPD KUALA SELANGOR",SM Kebangsaan,BEA3078,SMK JERAM,"JALAN SIMPANG TIGA,",JERAM,45800,0332647696,0332646418
156,SELANGOR,"PPD KUALA SELANGOR",SM Kebangsaan,BEA3079,SMK SG. BURONG,"BATU 12, LAPIS 3, SUNGAI BURONG",TANJONG KARANG,45500,0332698341,0332698341
157,SELANGOR,"PPD KUALA SELANGOR",SM Kebangsaan,BEA3080,SMK TIRAM JAYA,"JALAN SEKEMBANG, KG. SERI TIRAM JAYA",TANJONG KARANG,45500,0332695667,0332695667
158,SELANGOR,"PPD KUALA SELANGOR",SM Kebangsaan,BEA3081,SMK RANTAU PANJANG,"KM. 16, JALAN RAWANG, RANTAU PANJANG",BESTARI JAYA,45600,0332719587,0332719587
159,SELANGOR,"PPD KUALA SELANGOR",SM Kebangsaan,BEA3082,SMK PENGKALAN PERMATANG,PASIR PENAMBANG,KUALA SELANGOR,45000,0332893611,0332893611
160,SELANGOR,"PPD KUALA SELANGOR",SM Kebangsaan,BEA3084,SMK SAUJANA UTAMA,"PERSIARAN SAUJANA 3, SAUJANA UTAMA",SUNGAI BULOH,47000,0360386997,0360383118
161,SELANGOR,"PPD KUALA SELANGOR",SM Kebangsaan,BEA3085,SMK PUNCAK ALAM,"JALAN MAHKOTA IMPIAN 2/1, SEKSYEN 2","BANDAR PUNCAK ALAM",42300,0333928216,0333928246
162,SELANGOR,"PPD KUALA SELANGOR",SM Kebangsaan,BEA3086,SMK KUALA SELANGOR,"KM1,JALAN RAWANG",KUALA SELANGOR,45000,0332811762,0332811760
163,SELANGOR,"PPD KUALA SELANGOR",SM Kebangsaan,BEA3087,SMK BUKIT KUCHING TENGAH,JALAN TAHIR MANAN,JERAM,45800,0192170554,TIADA
164,SELANGOR,"PPD KUALA SELANGOR",SM Kebangsaan,BEA3088,"SEKOLAH MENENGAH KEBANGSAAN PUNCAK ALAM 3",JALAN ASTANA 13/2,PUNCAK ALAM,42300,0173793034,""
165,SELANGOR,"PPD KUALA SELANGOR",SM Kebangsaan,BEB3078,SMK SULTAN ABDUL AZIZ,JALAN DATO' HAMZAH,KUALA SELANGOR,45000,0332891380,0332895035
166,SELANGOR,"PPD KUALA SELANGOR",SM Kebangsaan,BEB3079,SMK SULTAN SULAIMAN SHAH,JALAN SEKOLAH,BESTARI JAYA,45600,0332719827,0332717946
167,SELANGOR,"PPD KUALA SELANGOR",SM Kebangsaan,BEB3080,SMK SERI DESA,JALAN BOMBA,TANJONG KARANG,45500,0332698186,0332694213
168,SELANGOR,"PPD KUALA SELANGOR",SM Vokasional,BHA3001,SM VOKASIONAL KUALA SELANGOR,JALAN SEKOLAH OFF JALAN BESAR,BESTARI JAYA,45600,0332718370,0332718371
169,SELANGOR,"PPD KUALA SELANGOR",SMK Agama,BRA3001,SMKA KUALA SELANGOR,PASIR PENAMBANG,KUALA SELANGOR,45000,0332895509,0332895518
170,SELANGOR,"PPD PETALING PERDANA",Kolej,BHA8004,KOLEJ VOKASIONAL SHAH ALAM,JALAN BATU TIGA,SHAH ALAM,40300,0351916326,0351916325
171,SELANGOR,"PPD PETALING PERDANA",SM agama,BFT8002,SAM BESTARI,"JALAN USJ 5/3A, SUBANG JAYA",SUBANG JAYA,47610,0356377681,0356327519
172,SELANGOR,"PPD PETALING PERDANA",SM agama,BFT8003,SAMT TENGKU AMPUAN JEMAAH,"JALAN CAHAYA 11/7 ,SEKSYEN 11",SHAH ALAM,40000,0355102505,0355102506
173,SELANGOR,"PPD PETALING PERDANA",SM Kebangsaan,BEA8601,SMK PUCHONG,BATU 14 JALAN PUCHONG,PUCHONG,47100,0380611305,0380621935
174,SELANGOR,"PPD PETALING PERDANA",SM Kebangsaan,BEA8603,SMK SULTAN SALAHUDDIN ABDUL AZIZ SHAH,JALAN BUNGA MAWAR 2/5,SHAH ALAM,40000,0355198404,0355196213
175,SELANGOR,"PPD PETALING PERDANA",SM Kebangsaan,BEA8604,SMK SUBANG JAYA,JALAN SS14/6,SUBANG JAYA,47500,0356334589,0356318202
176,SELANGOR,"PPD PETALING PERDANA",SM Kebangsaan,BEA8606,SMK SERI SERDANG,TAMAN SRI SERDANG,SERI KEMBANGAN,43300,0389489199,0389488995
177,SELANGOR,"PPD PETALING PERDANA",SM Kebangsaan,BEA8609,SMK BATU 8,"BATU 8, JALAN PUCHONG",PUCHONG,47100,0380702830,0380761967
178,SELANGOR,"PPD PETALING PERDANA",SM Kebangsaan,BEA8610,SMK SEKSYEN 16,"JALAN HALIA 16/8, SEKSYEN 16, SHAH ALAM",SHAH ALAM,40200,0355109168,0355125021
179,SELANGOR,"PPD PETALING PERDANA",SM Kebangsaan,BEA8614,SMK SUBANG UTAMA,"JALAN SS 18/1A, SUBANG JAYA",SUBANG JAYA,47500,0356348971,0356361915
180,SELANGOR,"PPD PETALING PERDANA",SM Kebangsaan,BEA8616,SMK SEKSYEN SEBELAS,JLN WAU 11/1,SHAH ALAM,40000,0355106711,0355101545
181,SELANGOR,"PPD PETALING PERDANA",SM Kebangsaan,BEA8617,SMK SEKSYEN 18,JLN KELAPA BALI 18/43,SHAH ALAM,40200,0355421403,0355491659
182,SELANGOR,"PPD PETALING PERDANA",SM Kebangsaan,BEA8618,SMK SEAFIELD,JALAN USJ 2/5,UEP SUBANG JAYA,47600,0356321301,0356377610
183,SELANGOR,"PPD PETALING PERDANA",SM Kebangsaan,BEA8619,SMK SEKSYEN 24,JALAN TIMUN 24/1,SHAH ALAM,40300,0355414172,0355429290
184,SELANGOR,"PPD PETALING PERDANA",SM Kebangsaan,BEA8621,SMK SEKSYEN 19,"JALAN GELORA 19/46, SEKSYEN 19",SHAH ALAM,40300,0355423306,0355495382
185,SELANGOR,"PPD PETALING PERDANA",SM Kebangsaan,BEA8622,SMK ALAM MEGAH,"JALAN SG. BATU 27/72,SEKSYEN 27",SHAH ALAM,40400,0351910709,0351920442
186,SELANGOR,"PPD PETALING PERDANA",SM Kebangsaan,BEA8623,SMK TAMAN SRI MUDA,"JALAN SABAR 25/83, TAMAN SRI MUDA",SHAH ALAM,40400,0351218388,0351226489
187,SELANGOR,"PPD PETALING PERDANA",SM Kebangsaan,BEA8625,SMK SS 17,JALAN SS 17/1 SUBANG JAYA,SUBANG JAYA,47500,0356338747,0356319384
188,SELANGOR,"PPD PETALING PERDANA",SM Kebangsaan,BEA8626,SMK BANDAR SUNWAY,JALAN PJS 7/15,PETALING JAYA,46150,0356328335,0356325149
189,SELANGOR,"PPD PETALING PERDANA",SM Kebangsaan,BEA8627,SMK SERI INDAH,TAMAN SERI SERDANG,SERI KEMBANGAN,43300,0389434263,0389456695
190,SELANGOR,"PPD PETALING PERDANA",SM Kebangsaan,BEA8628,SMK PUCHONG PERDANA,"BATU 13, TAMAN PUCHONG PERDANA",PETALING,47150,0380626505,0380626506
191,SELANGOR,"PPD PETALING PERDANA",SM Kebangsaan,BEA8629,SMK SEKSYEN 9,JALAN TENGKU AMPUAN RAHIMAH 9/20,SHAH ALAM,40100,0355129942,0355132413
192,SELANGOR,"PPD PETALING PERDANA",SM Kebangsaan,BEA8630,SMK SUBANG,KAMPUNG MELAYU SUBANG,SHAH ALAM,40150,0378469673,0378471436
193,SELANGOR,"PPD PETALING PERDANA",SM Kebangsaan,BEA8632,SMK USJ 4,JALAN USJ4/3,SUBANG JAYA,47600,0380246618,0380244144
194,SELANGOR,"PPD PETALING PERDANA",SM Kebangsaan,BEA8633,SMK USJ 13,JALAN USJ 13/1,UEP SUBANG JAYA,47630,0356317642,0356214163
195,SELANGOR,"PPD PETALING PERDANA",SM Kebangsaan,BEA8634,SMK USJ 8,PERSIARAN KEWAJIPAN,UEP SUBANG JAYA,47610,0356310144,0356214457
196,SELANGOR,"PPD PETALING PERDANA",SM Kebangsaan,BEA8635,SMK USJ 12,"PERSIARAN SETIA, USJ12",UEP SUBANG JAYA,47630,0380233236,0380235892
197,SELANGOR,"PPD PETALING PERDANA",SM Kebangsaan,BEA8636,SMK PUCHONG UTAMA (1),JALAN PU 5  BANDAR    PUCHONG UTAMA,PUCHONG,47100,0380607592,0380607597
198,SELANGOR,"PPD PETALING PERDANA",SM Kebangsaan,BEA8637,SMK TTDI JAYA,"JALAN SASTERA U2/1, SEKSYEN U2, SHAH ALAM",SHAH ALAM,40150,0378471096,0378471145
199,SELANGOR,"PPD PETALING PERDANA",SM Kebangsaan,BEA8639,SMK SEKSYEN 1 BANDAR KINRARA,BANDAR KINRARA,PUCHONG,47180,0380704075,0380704067
200,SELANGOR,"PPD PETALING PERDANA",SM Kebangsaan,BEA8642,SMK USJ 23,JALAN HARMONI,SUBANG JAYA,47640,0380235014,0380233012
201,SELANGOR,"PPD PETALING PERDANA",SM Kebangsaan,BEA8645,SMK SEKSYEN 3 BANDAR KINRARA,"JALAN BK 5B, BANDAR KINRARA",PUCHONG,47180,0380757760,0380757657
202,SELANGOR,"PPD PETALING PERDANA",SM Kebangsaan,BEA8647,SMK SEKSYEN 4 BANDAR KINRARA,"JALAN BK 5A, BANDAR KINRARA",Puchong,47180,0380757273,0380757315
203,SELANGOR,"PPD PETALING PERDANA",SM Kebangsaan,BEA8648,SMK SEKSYEN 7,JALAN PLATINUM 7/37,SHAH ALAM,40000,0355119328,0355131363
204,SELANGOR,"PPD PETALING PERDANA",SM Kebangsaan,BEA8649,SMK PUSAT BANDAR PUCHONG 1,JLN WAWASAN 2/23,PUCHONG,47160,0358917014,0358917013
205,SELANGOR,"PPD PETALING PERDANA",SM Kebangsaan,BEA8650,SMK BUKIT JELUTONG,"NO. 2, JALAN SERAMBI, U8/21,BUKIT JELUTONG",SHAH ALAM,40150,0378467940,0378456705
206,SELANGOR,"PPD PETALING PERDANA",SM Kebangsaan,BEA8653,SMK ALAM MEGAH 2,"NO.1, PERSIARAN KUALA LANGAT, SEKSYEN 28",SHAH ALAM,40400,0351922141,0351924092
207,SELANGOR,"PPD PETALING PERDANA",SM Kebangsaan,BEA8654,SMK SEKSYEN 24 (2),JALAN CILI BUNGA 24/25 SEKSYEN 24,SHAH ALAM,40300,0355484962,0355426275
208,SELANGOR,"PPD PETALING PERDANA",SM Kebangsaan,BEA8656,SMK BANDAR PUCHONG JAYA (A),JALAN PIPIT,PUCHONG,47100,0380754728,0380757513
209,SELANGOR,"PPD PETALING PERDANA",SM Kebangsaan,BEA8657,SMK BANDAR PUCHONG JAYA (B),"JALAN TEMPUA 3, BANDAR PUCHONG JAYA",PUCHONG,47170,0380620463,0380620487
210,SELANGOR,"PPD PETALING PERDANA",SM Kebangsaan,BEA8660,SMK SEKSYEN 27,JALAN SELAYANG 27/27,SHAH ALAM,40400,0351921493,0351916273
211,SELANGOR,"PPD PETALING PERDANA",SM Kebangsaan,BEA8662,SMK SUBANG BESTARI,"JALAN NOVA U5/63, SEKSYEN U5",SHAH ALAM,40150,0378430616,0378430594
212,SELANGOR,"PPD PETALING PERDANA",SM Kebangsaan,BEA8663,SMK PUCHONG PERMAI,"LOT 65079, PERSIARAN PRIMA UTAMA, TMN PUCHONG PRIM",PUCHONG,47150,0380623576,0380625340
213,SELANGOR,"PPD PETALING PERDANA",SM Kebangsaan,BEA8664,SMK TAMAN DESAMINIUM,Lestari Perdana,Seri Kembangan,43300,03-89422180,03-89412936
214,SELANGOR,"PPD PETALING PERDANA",SM Kebangsaan,BEA8665,SMK SETIA ALAM,"NO. 6, PERSIARAN SETIA PRIMA, SEKSYEN U13",SHAH ALAM,40170,0333422719,0333422697
215,SELANGOR,"PPD PETALING PERDANA",SM Kebangsaan,BEA8668,SEKOLAH MENENGAH KEBANGSAAN SHAH ALAM,"PERSIARAN ANJUNG SERI, SEKSYEN U8, BUKIT JELUTONG TIMUR",SHAH ALAM,40150,0123275654,""
216,SELANGOR,"PPD PETALING PERDANA",SM Kebangsaan,BEB8659,SMK SERI KEMBANGAN,JALAN SEKOLAH,SERI KEMBANGAN,43300,0389486358,0389482117
217,SELANGOR,"PPD PETALING PERDANA",SM Khas,BEA8612,SM PENDIDIKAN KHAS SHAH ALAM,"JALAN SENANGIN 17/2A, SEKSYEN 17",SHAH ALAM,40200,0355109719,0355109715
218,SELANGOR,"PPD PETALING UTAMA",SM Kebangsaan,BEA8602,SMK SRI PERMATA,JALAN SS3 / 98,PETALING JAYA,47300,0378750623,0378777027
219,SELANGOR,"PPD PETALING UTAMA",SM Kebangsaan,BEA8607,SMK TAMAN DATO'  HARUN,"KM 12, JLN KLANG LAMA",PETALING JAYA,46000,0377828358,0377815712
220,SELANGOR,"PPD PETALING UTAMA",SM Kebangsaan,BEA8608,SMK DAMANSARA JAYA,"JALAN SS 22A/1, PETALING JAYA",PETALING JAYA,47400,0377296018,0377291880
221,SELANGOR,"PPD PETALING UTAMA",SM Kebangsaan,BEA8611,SMK DAMANSARA UTAMA,"JALAN SS 20/21, DAMANSARA UTAMA",PETALING JAYA,47400,0377278715,0377277488
222,SELANGOR,"PPD PETALING UTAMA",SM Kebangsaan,BEA8613,SMK TAMAN MEDAN,KM 12 JLN KLANG LAMA,PETALING JAYA,46000,0377820455,0377850751
223,SELANGOR,"PPD PETALING UTAMA",SM Kebangsaan,BEA8615,SMK KELANA JAYA,JALAN BAHAGIA SS4,PETALING JAYA,47301,0378035121,0378035120
224,SELANGOR,"PPD PETALING UTAMA",SM Kebangsaan,BEA8624,SMK SRI UTAMA,JALAN 227B/51A,PETALING JAYA,46100,0379575299,0379571219
225,SELANGOR,"PPD PETALING UTAMA",SM Kebangsaan,BEA8631,SMK BANDAR UTAMA,1 PINTASAN BANDAR UTAMA,PETALING JAYA,47800,0377252829,0377263708
226,SELANGOR,"PPD PETALING UTAMA",SM Kebangsaan,BEA8638,SMK SEKSYEN 10 KOTA DAMANSARA,"PERSIARAN MAHOGANY,SEKSYEN 10, KOTA DAMANSARA",PETALING JAYA,47810,0361568514,0361563534
227,SELANGOR,"PPD PETALING UTAMA",SM Kebangsaan,BEA8640,SMK TROPICANA,JALAN TROPICANA SELATAN,Petaling Jaya,47410,0378042140,0378042170
228,SELANGOR,"PPD PETALING UTAMA",SM Kebangsaan,BEA8641,SMK BANDAR SRI DAMANSARA 2,"PERSIARAN MERANTI, SEKSYEN 1",KUALA LUMPUR,52200,0362757094,0362757402
229,SELANGOR,"PPD PETALING UTAMA",SM Kebangsaan,BEA8643,SMK BANDAR UTAMA DAMANSARA 3,"PERSIARAN UTAMA, BANDAR UTAMA",PETALING JAYA,47800,0377276166,0377267199
230,SELANGOR,"PPD PETALING UTAMA",SM Kebangsaan,BEA8644,SMK BANDAR UTAMA DAMANSARA (4),JALAN DATARAN UTAMA BANDAR UTAMA,PETALING JAYA,47800,0377258100,0377250534
231,SELANGOR,"PPD PETALING UTAMA",SM Kebangsaan,BEA8652,SMK DAMANSARA DAMAI 1,"NO. 2, JALAN PJU 10/1, DAMANSARA DAMAI",PETALING JAYA,47830,0361574547,0361579426
232,SELANGOR,"PPD PETALING UTAMA",SM Kebangsaan,BEA8655,SMK SEKSYEN 4 KOTA DAMANSARA,"JALAN CAMAR 4/1, KOTA DAMANSARA",PETALING JAYA,47810,0361402997,0361402721
233,SELANGOR,"PPD PETALING UTAMA",SM Kebangsaan,BEA8658,SMK BANDAR UTAMA DAMANSARA (2),JALAN BU 1/11,PETALING JAYA,47800,0377105286,0377105287
234,SELANGOR,"PPD PETALING UTAMA",SM Kebangsaan,BEA8659,SMK BANDAR SRI DAMANSARA 1,PERSIARAN PERDANA,KUALA LUMPUR,52200,0362740927,0362741105
235,SELANGOR,"PPD PETALING UTAMA",SM Kebangsaan,BEA8661,SMK LEMBAH SUBANG,PJU 1A/4,PETALING JAYA,47301,0378461883,0378424063
236,SELANGOR,"PPD PETALING UTAMA",SM Kebangsaan,BEA8666,"SMK SEKSYEN 8, KOTA DAMANSARA","Seksyen 8, Kota Damansara",Petaling Jaya,47810,03-61403173,03-61403157
237,SELANGOR,"PPD PETALING UTAMA",SM Kebangsaan,BEA8669,"SEKOLAH MENENGAH KEBANGSAAN PETALING JAYA","JALAN PJS 5/26, PETALING JAYA",PETALING JAYA,46000,0377709914,0377729914
238,SELANGOR,"PPD PETALING UTAMA",SM Kebangsaan,BEB8651,SMK ASSUNTA,JALAN CHANGGAI,PETALING JAYA,46000,0379575745,0379559629
239,SELANGOR,"PPD PETALING UTAMA",SM Kebangsaan,BEB8652,SMK (L) BUKIT BINTANG,JALAN UTARA,PETALING JAYA,46200,0379565819,0379600625
240,SELANGOR,"PPD PETALING UTAMA",SM Kebangsaan,BEB8653,SMK KATHOLIK (M),JALAN 10/3,PETALING JAYA,46000,0379565484,0379543236
241,SELANGOR,"PPD PETALING UTAMA",SM Kebangsaan,BEB8654,"SMK LA SALLE,PJ",JALAN CHANTEK 5/13,PETALING JAYA,46000,0379566200,0379552849
242,SELANGOR,"PPD PETALING UTAMA",SM Kebangsaan,BEB8655,SMK (P) SRI AMAN,JALAN 14/49,PETALING JAYA,46100,0378765041,0378775658
243,SELANGOR,"PPD PETALING UTAMA",SM Kebangsaan,BEB8656,SMK TAMAN SEA,JALAN 21/37,PETALING JAYA,46300,0378752576,0378730641
244,SELANGOR,"PPD PETALING UTAMA",SM Kebangsaan,BEB8657,SMK SULTAN ABDUL SAMAD,JALAN 12/13,PETALING JAYA,46200,0379565085,0379575746
245,SELANGOR,"PPD PETALING UTAMA",SM Kebangsaan,BEB8658,SMK (P) TMN PETALING,"JALAN 5/52, TAMAN PETALING",PETALING JAYA,46000,0377827923,0377828414
246,SELANGOR,"PPD SABAK BERNAM",SM agama,BFT6001,SAM PARIT BARU,SUNGAI AIR TAWAR,SABAK BERNAM,45100,0332136470,0332136470
247,SELANGOR,"PPD SABAK BERNAM",SM agama,BFT6002,SAM BAGAN TERAP,"JALAN LUBUK PUSING, BAGAN TERAP",SUNGAI BESAR,45300,0332161640,0332165400
248,SELANGOR,"PPD SABAK BERNAM",SM agama,BFT6003,SAM SUNGAI HAJI DORANI,"JALAN LAMA KUALA SELANGOR,",SUNGAI BESAR,45300,0332242539,0332243239
249,SELANGOR,"PPD SABAK BERNAM",SM agama,BFT6004,SAM PASIR PANJANG,TALI AIR 10 PASIR PANJANG,SEKINCHAN,45400,0332410314,0332410314
250,SELANGOR,"PPD SABAK BERNAM",SM agama,BFT6005,SAM MUHAMMADIAH,"KOMPLEKS SEKOLAH AGAMA MUHAMMADIAH PEKAN SABAK",SABAK BERNAM,45200,"60332161303",0332161473
251,SELANGOR,"PPD SABAK BERNAM",SM agama,BFT6006,SAM TENGKU AMPUAN JEMAAH,JLN KG BARU NELAYAN,SUNGAI BESAR,45300,0332242564,0332242564
252,SELANGOR,"PPD SABAK BERNAM",SM agama,BFT6007,SAMT SULTAN SALAHUDDIN ABD AZIZ SHAH,BELAKANG MASJID ATTAQWA BT38,SABAK BERNAM,45200,0332161270,0332161648
253,SELANGOR,"PPD SABAK BERNAM","SM Berasrama Penuh",BRA6001,SBPI SABAK BERNAM,KAMPUNG SUNGAI APONG,SG AIR TAWAR,45100,0332138348,0332138346
254,SELANGOR,"PPD SABAK BERNAM",SM Kebangsaan,BEA6041,SMK UNGKU AZIZ,JALAN RAJA CHULAN,SABAK BERNAM,45200,0332161275,0332163640
255,SELANGOR,"PPD SABAK BERNAM",SM Kebangsaan,BEA6042,SMK MUNSHI ABDULLAH,"BATU 10, JALAN BESAR","SUNGAI AIR TAWAR",45100,0332136226,0332138122
256,SELANGOR,"PPD SABAK BERNAM",SM Kebangsaan,BEA6043,SMK SUNGAI BESAR,JALAN PEGAWAI,SUNGAI BESAR,45300,0332241331,0332244818
257,SELANGOR,"PPD SABAK BERNAM",SM Kebangsaan,BEA6044,SMK BAGAN TERAP,"JALAN BESAR, PEKAN BAGAN TERAP",SUNGAI BESAR,45300,"60332161643","60332162096"
258,SELANGOR,"PPD SABAK BERNAM",SM Kebangsaan,BEA6601,SMK DATO MUSTAFFA,"JALAN SEKOLAH, PASIR PANJANG",SEKINCHAN,45400,0332410337,0332415044
259,SELANGOR,"PPD SABAK BERNAM",SM Kebangsaan,BEB6044,SMK TUNKU ABDUL RAHMAN PUTRA,JALAN  KALABAKAN,SABAK BERNAM,45200,0332161394,0332161810
260,SELANGOR,"PPD SABAK BERNAM",SM Kebangsaan,BEB6046,SMK SERI BEDENA,JLN BESAR,SUNGAI BESAR,45300,0332242272,0332246808
261,SELANGOR,"PPD SABAK BERNAM",SM Kebangsaan,BEB6047,SMK YOKE KUAN,JALAN SEKOLAH,SEKINCHAN,45400,"60332410558","60332410524"
262,SELANGOR,"PPD SABAK BERNAM",SMK Agama,BEA6045,SMKA SIMPANG LIMA,"JALAN SG. NIPAH BAROH, SIMPANG LIMA",SUNGAI BESAR,45300,"60332242894","60332243423"
263,SELANGOR,PPD SEPANG,SM agama,BFT9001,SAM SUNGAI MERAB LUAR,SUNGAI MERAB LUAR SEPANG,KAJANG,43000,0389259824,0389254507
264,SELANGOR,PPD SEPANG,SM agama,BFT9002,SAM BANDAR BARU SALAK TINGGI,BANDAR BARU SALAK TINGGI,SEPANG,43900,0387060455,0387063191
265,SELANGOR,PPD SEPANG,"SM Berasrama Penuh",BEA9607,SMK SERI PUTERI (SMBP),PERSIARAN TASIK,CYBERJAYA,63000,0383192414,0383193937
266,SELANGOR,PPD SEPANG,SM Kebangsaan,BEA9601,SMK SUNGAI RAWANG,SUNGAI PELEK,SUNGAI PELEK,43950,0331411039,0331411039
267,SELANGOR,PPD SEPANG,SM Kebangsaan,BEA9602,SMK SERI SEPANG,BANDAR BARU SALAK TINGGI,SEPANG,43900,0387061077,0387064643
268,SELANGOR,PPD SEPANG,SM Kebangsaan,BEA9604,SMK BANDAR BARU SALAK TINGGI,"TAMAN DAHLIA, BANDAR BARU SALAK TINGGI",SEPANG,43900,0387068849,0387068851
269,SELANGOR,PPD SEPANG,SM Kebangsaan,BEA9609,SMK CYBERJAYA,"PERSIARAN FAUNA 2, ZON FLAGSHIP 2",CYBERJAYA,63000,0383188088,0383183588
270,SELANGOR,PPD SEPANG,SM Kebangsaan,BEA9610,SMK PANTAI SEPANG PUTRA,PANTAI SEPANG PUTRA,SUNGAI PELEK,43950,0331413558,0331413558
271,SELANGOR,PPD SEPANG,SM Kebangsaan,BEA9611,SMK PUTRA PERDANA,"JALAN PP 3A, TAMAN PUTRA PERDANA",PUCHONG,47130,0383202921,0383202922
272,SELANGOR,PPD SEPANG,SM Kebangsaan,BEA9612,SMK DATO' ABU BAKAR BAGINDA,"JALAN MAKTAB, SUNGAI MERAB","BANDAR BARU BANGI",43650,03-89266839,03-89266840
273,SELANGOR,PPD SEPANG,SM Kebangsaan,BEB9651,SMK SUNGAI PELEK,PEKAN SUNGAI PELEK,SG.PELEK,43950,0331411245,0331414308
274,SELANGOR,PPD SEPANG,SM Kebangsaan,BEB9701,SMK DENGKIL,"PEJABAT POS DENGKIL, DENGKIL",DENGKIL,43800,0387686226,0387686226
275,SELANGOR,PPD SEPANG,SM Vokasional,BHA9001,SM VOKASIONAL SEPANG,JALAN DENGKIL,DENGKIL,43800,0389255255,0389255244
